method,variant,tworoom,pusht,reacher,cube,macro_sr_percent,equal_task_mean_ms
P0,main,98.33 ± 1.51,97.33 ± 1.63,81.00 ± 2.10,100.00 ± 0.00,94.17 ± 0.61,24.9399
P1,main,97.33 ± 3.01,85.33 ± 4.13,79.00 ± 6.03,68.00 ± 5.37,82.42 ± 2.20,116.8760
P2,main,99.67 ± 0.82,93.33 ± 3.27,76.00 ± 3.35,97.67 ± 4.08,91.67 ± 1.78,122.4760
P3,main,99.67 ± 0.82,97.33 ± 1.03,88.33 ± 4.97,99.67 ± 0.82,96.25 ± 1.41,29.8782
P0-GF-L,main,98.33 ± 1.51,97.33 ± 2.73,86.67 ± 7.76,100.00 ± 0.00,95.58 ± 1.99,58.7866
P0-GF-H,main,99.33 ± 1.63,96.33 ± 1.97,85.33 ± 4.50,100.00 ± 0.00,95.25 ± 1.44,184.3933
P0-PO-L,main,98.33 ± 1.51,97.00 ± 2.76,82.67 ± 2.73,100.00 ± 0.00,94.50 ± 1.26,45.2316
P0-PO-H,main,99.33 ± 1.63,96.00 ± 2.19,85.00 ± 4.52,99.67 ± 0.82,95.00 ± 1.45,65.6931
P2-GF-L,main,99.00 ± 1.67,93.33 ± 3.01,72.67 ± 4.68,96.67 ± 2.73,90.42 ± 1.16,170.7514
P2-GF-H,main,100.00 ± 0.00,93.33 ± 2.73,75.67 ± 2.94,97.67 ± 2.34,91.67 ± 0.88,283.3484
P2-PO-L,main,99.00 ± 2.45,94.67 ± 2.07,74.00 ± 6.20,97.00 ± 1.67,91.17 ± 1.60,140.4704
P2-PO-H,main,99.67 ± 0.82,94.67 ± 2.42,76.33 ± 5.99,97.00 ± 2.10,91.92 ± 1.43,162.7319
P3-GF-L,main,100.00 ± 0.00,97.67 ± 2.34,87.33 ± 4.13,99.67 ± 0.82,96.17 ± 1.40,66.4942
P3-GF-H,main,99.67 ± 0.82,96.67 ± 2.07,86.00 ± 4.73,99.67 ± 0.82,95.50 ± 1.18,223.3958
P3-PO-L,main,100.00 ± 0.00,97.67 ± 2.34,88.33 ± 3.44,99.67 ± 0.82,96.42 ± 0.66,53.7154
P3-PO-H,main,100.00 ± 0.00,97.00 ± 3.29,89.00 ± 3.74,99.67 ± 0.82,96.42 ± 0.97,67.2066
P3-PO-refine-L,main,99.67 ± 0.82,97.33 ± 1.03,87.00 ± 5.62,99.67 ± 0.82,95.92 ± 1.24,50.0291
P3-PO-refine-H,main,99.33 ± 1.03,97.00 ± 2.45,89.00 ± 2.76,99.67 ± 0.82,96.25 ± 1.04,72.9283
P0,crop,98.33 ± 1.51,97.33 ± 1.63,81.00 ± 2.10,100.00 ± 0.00,94.17 ± 0.61,23.3876
P1,crop,92.33 ± 2.34,85.67 ± 3.88,90.00 ± 5.66,66.00 ± 7.38,83.50 ± 2.97,130.1217
P2,crop,100.00 ± 0.00,92.67 ± 3.93,87.33 ± 6.02,92.33 ± 2.94,93.08 ± 1.32,135.2284
P3,crop,99.67 ± 0.82,97.00 ± 1.10,88.33 ± 4.97,99.67 ± 0.82,96.17 ± 1.47,29.4099
P0-GF-L,crop,98.33 ± 1.51,97.33 ± 2.73,86.67 ± 7.76,100.00 ± 0.00,95.58 ± 1.99,60.9698
P0-GF-H,crop,99.33 ± 1.63,96.33 ± 1.97,85.33 ± 4.50,100.00 ± 0.00,95.25 ± 1.44,218.2951
P0-PO-L,crop,98.33 ± 1.51,97.00 ± 2.76,82.67 ± 2.73,100.00 ± 0.00,94.50 ± 1.26,44.2727
P0-PO-H,crop,99.33 ± 1.63,96.67 ± 2.07,85.00 ± 4.52,99.67 ± 0.82,95.17 ± 1.47,73.4018
P2-GF-L,crop,100.00 ± 0.00,93.00 ± 3.29,87.00 ± 4.52,91.67 ± 2.34,92.92 ± 1.56,186.5333
P2-GF-H,crop,100.00 ± 0.00,93.33 ± 2.73,87.00 ± 1.67,92.67 ± 3.50,93.25 ± 0.99,315.7656
P2-PO-L,crop,100.00 ± 0.00,95.00 ± 2.10,85.33 ± 7.34,92.33 ± 3.88,93.17 ± 1.86,162.8428
P2-PO-H,crop,100.00 ± 0.00,95.00 ± 2.45,86.33 ± 3.20,94.00 ± 2.53,93.83 ± 0.98,178.4407
P3-GF-L,crop,100.00 ± 0.00,98.00 ± 2.53,87.33 ± 4.13,99.67 ± 0.82,96.25 ± 1.44,60.1102
P3-GF-H,crop,99.67 ± 0.82,96.67 ± 2.07,86.00 ± 4.73,99.67 ± 0.82,95.50 ± 1.18,234.2501
P3-PO-L,crop,100.00 ± 0.00,97.67 ± 2.34,88.33 ± 3.44,99.67 ± 0.82,96.42 ± 0.66,49.6773
P3-PO-H,crop,99.67 ± 0.82,97.00 ± 3.29,89.00 ± 3.74,99.67 ± 0.82,96.33 ± 1.03,82.7146
P3-PO-refine-L,crop,100.00 ± 0.00,97.33 ± 1.03,87.00 ± 5.62,99.67 ± 0.82,96.00 ± 1.30,47.4283
P3-PO-refine-H,crop,99.33 ± 1.03,97.00 ± 2.45,89.00 ± 2.76,99.67 ± 0.82,96.25 ± 1.04,76.6452
