comparison,task,mean_difference_pp,seed_std_pp,ci95_low_pp,ci95_high_pp,source_episode_clusters
P0-PO-L − P0,tworoom,0.0000,0.0000,0.0000,0.0000,294
P0-GF-L − P0,tworoom,0.0000,0.0000,0.0000,0.0000,294
P2 − P1,tworoom,2.3333,2.3381,0.0000,5.8661,294
P0-PO-L − P0,pusht,-0.3333,2.3381,-3.2609,2.2104,296
P0-GF-L − P0,pusht,0.0000,2.1909,-2.7585,2.4066,296
P2 − P1,pusht,8.0000,5.9330,0.8747,15.5989,296
P0-PO-L − P0,reacher,1.6667,1.9664,-5.0637,8.5474,294
P0-GF-L − P0,reacher,5.6667,6.3770,-1.9477,12.9530,294
P2 − P1,reacher,-3.0000,8.6487,-13.0335,7.9960,294
P0-PO-L − P0,cube,0.0000,0.0000,0.0000,0.0000,294
P0-GF-L − P0,cube,0.0000,0.0000,0.0000,0.0000,294
P2 − P1,cube,29.6667,8.2381,20.5714,38.9981,294
