comparison,task,evaluation_seed,difference_pp
P0-PO-L − P0,tworoom,42,0.00000000
P0-PO-L − P0,tworoom,100,0.00000000
P0-PO-L − P0,tworoom,2026,0.00000000
P0-PO-L − P0,tworoom,3407,0.00000000
P0-PO-L − P0,tworoom,1234,0.00000000
P0-PO-L − P0,tworoom,4444,0.00000000
P0-GF-L − P0,tworoom,42,0.00000000
P0-GF-L − P0,tworoom,100,0.00000000
P0-GF-L − P0,tworoom,2026,0.00000000
P0-GF-L − P0,tworoom,3407,0.00000000
P0-GF-L − P0,tworoom,1234,0.00000000
P0-GF-L − P0,tworoom,4444,0.00000000
P2 − P1,tworoom,42,2.00000000
P2 − P1,tworoom,100,6.00000000
P2 − P1,tworoom,2026,4.00000000
P2 − P1,tworoom,3407,0.00000000
P2 − P1,tworoom,1234,0.00000000
P2 − P1,tworoom,4444,2.00000000
P0-PO-L − P0,pusht,42,2.00000000
P0-PO-L − P0,pusht,100,0.00000000
P0-PO-L − P0,pusht,2026,-2.00000000
P0-PO-L − P0,pusht,3407,-4.00000000
P0-PO-L − P0,pusht,1234,0.00000000
P0-PO-L − P0,pusht,4444,2.00000000
P0-GF-L − P0,pusht,42,2.00000000
P0-GF-L − P0,pusht,100,0.00000000
P0-GF-L − P0,pusht,2026,0.00000000
P0-GF-L − P0,pusht,3407,-4.00000000
P0-GF-L − P0,pusht,1234,0.00000000
P0-GF-L − P0,pusht,4444,2.00000000
P2 − P1,pusht,42,6.00000000
P2 − P1,pusht,100,6.00000000
P2 − P1,pusht,2026,12.00000000
P2 − P1,pusht,3407,4.00000000
P2 − P1,pusht,1234,18.00000000
P2 − P1,pusht,4444,2.00000000
P0-PO-L − P0,reacher,42,0.00000000
P0-PO-L − P0,reacher,100,4.00000000
P0-PO-L − P0,reacher,2026,0.00000000
P0-PO-L − P0,reacher,3407,0.00000000
P0-PO-L − P0,reacher,1234,2.00000000
P0-PO-L − P0,reacher,4444,4.00000000
P0-GF-L − P0,reacher,42,10.00000000
P0-GF-L − P0,reacher,100,-4.00000000
P0-GF-L − P0,reacher,2026,2.00000000
P0-GF-L − P0,reacher,3407,14.00000000
P0-GF-L − P0,reacher,1234,8.00000000
P0-GF-L − P0,reacher,4444,4.00000000
P2 − P1,reacher,42,-8.00000000
P2 − P1,reacher,100,-8.00000000
P2 − P1,reacher,2026,-2.00000000
P2 − P1,reacher,3407,14.00000000
P2 − P1,reacher,1234,-8.00000000
P2 − P1,reacher,4444,-6.00000000
P0-PO-L − P0,cube,42,0.00000000
P0-PO-L − P0,cube,100,0.00000000
P0-PO-L − P0,cube,2026,0.00000000
P0-PO-L − P0,cube,3407,0.00000000
P0-PO-L − P0,cube,1234,0.00000000
P0-PO-L − P0,cube,4444,0.00000000
P0-GF-L − P0,cube,42,0.00000000
P0-GF-L − P0,cube,100,0.00000000
P0-GF-L − P0,cube,2026,0.00000000
P0-GF-L − P0,cube,3407,0.00000000
P0-GF-L − P0,cube,1234,0.00000000
P0-GF-L − P0,cube,4444,0.00000000
P2 − P1,cube,42,30.00000000
P2 − P1,cube,100,42.00000000
P2 − P1,cube,2026,30.00000000
P2 − P1,cube,3407,34.00000000
P2 − P1,cube,1234,18.00000000
P2 − P1,cube,4444,24.00000000
