method_id,task,evaluation_seed,successes,episodes,success_rate_percent,source_cell_id
cowm_p0__main,tworoom,42,50,50,100.0,cowm_p0__main__tworoom__seed_42
cowm_p0__main,tworoom,100,48,50,96.0,cowm_p0__main__tworoom__seed_100
cowm_p0__main,tworoom,2026,49,50,98.0,cowm_p0__main__tworoom__seed_2026
cowm_p0__main,tworoom,3407,49,50,98.0,cowm_p0__main__tworoom__seed_3407
cowm_p0__main,tworoom,1234,49,50,98.0,cowm_p0__main__tworoom__seed_1234
cowm_p0__main,tworoom,4444,50,50,100.0,cowm_p0__main__tworoom__seed_4444
cowm_p0__main,pusht,42,48,50,96.0,cowm_p0__main__pusht__seed_42
cowm_p0__main,pusht,100,49,50,98.0,cowm_p0__main__pusht__seed_100
cowm_p0__main,pusht,2026,49,50,98.0,cowm_p0__main__pusht__seed_2026
cowm_p0__main,pusht,3407,48,50,96.0,cowm_p0__main__pusht__seed_3407
cowm_p0__main,pusht,1234,50,50,100.0,cowm_p0__main__pusht__seed_1234
cowm_p0__main,pusht,4444,48,50,96.0,cowm_p0__main__pusht__seed_4444
cowm_p0__main,reacher,42,42,50,84.0,cowm_p0__main__reacher__seed_42
cowm_p0__main,reacher,100,40,50,80.0,cowm_p0__main__reacher__seed_100
cowm_p0__main,reacher,2026,39,50,78.0,cowm_p0__main__reacher__seed_2026
cowm_p0__main,reacher,3407,41,50,82.0,cowm_p0__main__reacher__seed_3407
cowm_p0__main,reacher,1234,40,50,80.0,cowm_p0__main__reacher__seed_1234
cowm_p0__main,reacher,4444,41,50,82.0,cowm_p0__main__reacher__seed_4444
cowm_p0__main,cube,42,50,50,100.0,cowm_p0__main__cube__seed_42
cowm_p0__main,cube,100,50,50,100.0,cowm_p0__main__cube__seed_100
cowm_p0__main,cube,2026,50,50,100.0,cowm_p0__main__cube__seed_2026
cowm_p0__main,cube,3407,50,50,100.0,cowm_p0__main__cube__seed_3407
cowm_p0__main,cube,1234,50,50,100.0,cowm_p0__main__cube__seed_1234
cowm_p0__main,cube,4444,50,50,100.0,cowm_p0__main__cube__seed_4444
cowm_p1__main,tworoom,42,49,50,98.0,cowm_p1__main__tworoom__seed_42
cowm_p1__main,tworoom,100,46,50,92.0,cowm_p1__main__tworoom__seed_100
cowm_p1__main,tworoom,2026,48,50,96.0,cowm_p1__main__tworoom__seed_2026
cowm_p1__main,tworoom,3407,50,50,100.0,cowm_p1__main__tworoom__seed_3407
cowm_p1__main,tworoom,1234,50,50,100.0,cowm_p1__main__tworoom__seed_1234
cowm_p1__main,tworoom,4444,49,50,98.0,cowm_p1__main__tworoom__seed_4444
cowm_p1__main,pusht,42,45,50,90.0,cowm_p1__main__pusht__seed_42
cowm_p1__main,pusht,100,43,50,86.0,cowm_p1__main__pusht__seed_100
cowm_p1__main,pusht,2026,42,50,84.0,cowm_p1__main__pusht__seed_2026
cowm_p1__main,pusht,3407,44,50,88.0,cowm_p1__main__pusht__seed_3407
cowm_p1__main,pusht,1234,39,50,78.0,cowm_p1__main__pusht__seed_1234
cowm_p1__main,pusht,4444,43,50,86.0,cowm_p1__main__pusht__seed_4444
cowm_p1__main,reacher,42,42,50,84.0,cowm_p1__main__reacher__seed_42
cowm_p1__main,reacher,100,41,50,82.0,cowm_p1__main__reacher__seed_100
cowm_p1__main,reacher,2026,39,50,78.0,cowm_p1__main__reacher__seed_2026
cowm_p1__main,reacher,3407,34,50,68.0,cowm_p1__main__reacher__seed_3407
cowm_p1__main,reacher,1234,42,50,84.0,cowm_p1__main__reacher__seed_1234
cowm_p1__main,reacher,4444,39,50,78.0,cowm_p1__main__reacher__seed_4444
cowm_p1__main,cube,42,35,50,70.0,cowm_p1__main__cube__seed_42
cowm_p1__main,cube,100,29,50,57.99999999999999,cowm_p1__main__cube__seed_100
cowm_p1__main,cube,2026,35,50,70.0,cowm_p1__main__cube__seed_2026
cowm_p1__main,cube,3407,33,50,66.0,cowm_p1__main__cube__seed_3407
cowm_p1__main,cube,1234,36,50,72.0,cowm_p1__main__cube__seed_1234
cowm_p1__main,cube,4444,36,50,72.0,cowm_p1__main__cube__seed_4444
cowm_p2__main,tworoom,42,50,50,100.0,cowm_p2__main__tworoom__seed_42
cowm_p2__main,tworoom,100,49,50,98.0,cowm_p2__main__tworoom__seed_100
cowm_p2__main,tworoom,2026,50,50,100.0,cowm_p2__main__tworoom__seed_2026
cowm_p2__main,tworoom,3407,50,50,100.0,cowm_p2__main__tworoom__seed_3407
cowm_p2__main,tworoom,1234,50,50,100.0,cowm_p2__main__tworoom__seed_1234
cowm_p2__main,tworoom,4444,50,50,100.0,cowm_p2__main__tworoom__seed_4444
cowm_p2__main,pusht,42,48,50,96.0,cowm_p2__main__pusht__seed_42
cowm_p2__main,pusht,100,46,50,92.0,cowm_p2__main__pusht__seed_100
cowm_p2__main,pusht,2026,48,50,96.0,cowm_p2__main__pusht__seed_2026
cowm_p2__main,pusht,3407,46,50,92.0,cowm_p2__main__pusht__seed_3407
cowm_p2__main,pusht,1234,48,50,96.0,cowm_p2__main__pusht__seed_1234
cowm_p2__main,pusht,4444,44,50,88.0,cowm_p2__main__pusht__seed_4444
cowm_p2__main,reacher,42,38,50,76.0,cowm_p2__main__reacher__seed_42
cowm_p2__main,reacher,100,37,50,74.0,cowm_p2__main__reacher__seed_100
cowm_p2__main,reacher,2026,38,50,76.0,cowm_p2__main__reacher__seed_2026
cowm_p2__main,reacher,3407,41,50,82.0,cowm_p2__main__reacher__seed_3407
cowm_p2__main,reacher,1234,38,50,76.0,cowm_p2__main__reacher__seed_1234
cowm_p2__main,reacher,4444,36,50,72.0,cowm_p2__main__reacher__seed_4444
cowm_p2__main,cube,42,50,50,100.0,cowm_p2__main__cube__seed_42
cowm_p2__main,cube,100,50,50,100.0,cowm_p2__main__cube__seed_100
cowm_p2__main,cube,2026,50,50,100.0,cowm_p2__main__cube__seed_2026
cowm_p2__main,cube,3407,50,50,100.0,cowm_p2__main__cube__seed_3407
cowm_p2__main,cube,1234,45,50,90.0,cowm_p2__main__cube__seed_1234
cowm_p2__main,cube,4444,48,50,96.0,cowm_p2__main__cube__seed_4444
cowm_p3__main,tworoom,42,49,50,98.0,cowm_p3__main__tworoom__seed_42
cowm_p3__main,tworoom,100,50,50,100.0,cowm_p3__main__tworoom__seed_100
cowm_p3__main,tworoom,2026,50,50,100.0,cowm_p3__main__tworoom__seed_2026
cowm_p3__main,tworoom,3407,50,50,100.0,cowm_p3__main__tworoom__seed_3407
cowm_p3__main,tworoom,1234,50,50,100.0,cowm_p3__main__tworoom__seed_1234
cowm_p3__main,tworoom,4444,50,50,100.0,cowm_p3__main__tworoom__seed_4444
cowm_p3__main,pusht,42,48,50,96.0,cowm_p3__main__pusht__seed_42
cowm_p3__main,pusht,100,49,50,98.0,cowm_p3__main__pusht__seed_100
cowm_p3__main,pusht,2026,48,50,96.0,cowm_p3__main__pusht__seed_2026
cowm_p3__main,pusht,3407,49,50,98.0,cowm_p3__main__pusht__seed_3407
cowm_p3__main,pusht,1234,49,50,98.0,cowm_p3__main__pusht__seed_1234
cowm_p3__main,pusht,4444,49,50,98.0,cowm_p3__main__pusht__seed_4444
cowm_p3__main,reacher,42,44,50,88.0,cowm_p3__main__reacher__seed_42
cowm_p3__main,reacher,100,45,50,90.0,cowm_p3__main__reacher__seed_100
cowm_p3__main,reacher,2026,41,50,82.0,cowm_p3__main__reacher__seed_2026
cowm_p3__main,reacher,3407,48,50,96.0,cowm_p3__main__reacher__seed_3407
cowm_p3__main,reacher,1234,45,50,90.0,cowm_p3__main__reacher__seed_1234
cowm_p3__main,reacher,4444,42,50,84.0,cowm_p3__main__reacher__seed_4444
cowm_p3__main,cube,42,50,50,100.0,cowm_p3__main__cube__seed_42
cowm_p3__main,cube,100,50,50,100.0,cowm_p3__main__cube__seed_100
cowm_p3__main,cube,2026,50,50,100.0,cowm_p3__main__cube__seed_2026
cowm_p3__main,cube,3407,50,50,100.0,cowm_p3__main__cube__seed_3407
cowm_p3__main,cube,1234,49,50,98.0,cowm_p3__main__cube__seed_1234
cowm_p3__main,cube,4444,50,50,100.0,cowm_p3__main__cube__seed_4444
cowm_p0_gf_l__main,tworoom,42,50,50,100.0,cowm_p0_gf_l__main__tworoom__seed_42
cowm_p0_gf_l__main,tworoom,100,48,50,96.0,cowm_p0_gf_l__main__tworoom__seed_100
cowm_p0_gf_l__main,tworoom,2026,49,50,98.0,cowm_p0_gf_l__main__tworoom__seed_2026
cowm_p0_gf_l__main,tworoom,3407,49,50,98.0,cowm_p0_gf_l__main__tworoom__seed_3407
cowm_p0_gf_l__main,tworoom,1234,49,50,98.0,cowm_p0_gf_l__main__tworoom__seed_1234
cowm_p0_gf_l__main,tworoom,4444,50,50,100.0,cowm_p0_gf_l__main__tworoom__seed_4444
cowm_p0_gf_l__main,pusht,42,49,50,98.0,cowm_p0_gf_l__main__pusht__seed_42
cowm_p0_gf_l__main,pusht,100,49,50,98.0,cowm_p0_gf_l__main__pusht__seed_100
cowm_p0_gf_l__main,pusht,2026,49,50,98.0,cowm_p0_gf_l__main__pusht__seed_2026
cowm_p0_gf_l__main,pusht,3407,46,50,92.0,cowm_p0_gf_l__main__pusht__seed_3407
cowm_p0_gf_l__main,pusht,1234,50,50,100.0,cowm_p0_gf_l__main__pusht__seed_1234
cowm_p0_gf_l__main,pusht,4444,49,50,98.0,cowm_p0_gf_l__main__pusht__seed_4444
cowm_p0_gf_l__main,reacher,42,47,50,94.0,cowm_p0_gf_l__main__reacher__seed_42
cowm_p0_gf_l__main,reacher,100,38,50,76.0,cowm_p0_gf_l__main__reacher__seed_100
cowm_p0_gf_l__main,reacher,2026,40,50,80.0,cowm_p0_gf_l__main__reacher__seed_2026
cowm_p0_gf_l__main,reacher,3407,48,50,96.0,cowm_p0_gf_l__main__reacher__seed_3407
cowm_p0_gf_l__main,reacher,1234,44,50,88.0,cowm_p0_gf_l__main__reacher__seed_1234
cowm_p0_gf_l__main,reacher,4444,43,50,86.0,cowm_p0_gf_l__main__reacher__seed_4444
cowm_p0_gf_l__main,cube,42,50,50,100.0,cowm_p0_gf_l__main__cube__seed_42
cowm_p0_gf_l__main,cube,100,50,50,100.0,cowm_p0_gf_l__main__cube__seed_100
cowm_p0_gf_l__main,cube,2026,50,50,100.0,cowm_p0_gf_l__main__cube__seed_2026
cowm_p0_gf_l__main,cube,3407,50,50,100.0,cowm_p0_gf_l__main__cube__seed_3407
cowm_p0_gf_l__main,cube,1234,50,50,100.0,cowm_p0_gf_l__main__cube__seed_1234
cowm_p0_gf_l__main,cube,4444,50,50,100.0,cowm_p0_gf_l__main__cube__seed_4444
cowm_p0_gf_h__main,tworoom,42,50,50,100.0,cowm_p0_gf_h__main__tworoom__seed_42
cowm_p0_gf_h__main,tworoom,100,48,50,96.0,cowm_p0_gf_h__main__tworoom__seed_100
cowm_p0_gf_h__main,tworoom,2026,50,50,100.0,cowm_p0_gf_h__main__tworoom__seed_2026
cowm_p0_gf_h__main,tworoom,3407,50,50,100.0,cowm_p0_gf_h__main__tworoom__seed_3407
cowm_p0_gf_h__main,tworoom,1234,50,50,100.0,cowm_p0_gf_h__main__tworoom__seed_1234
cowm_p0_gf_h__main,tworoom,4444,50,50,100.0,cowm_p0_gf_h__main__tworoom__seed_4444
cowm_p0_gf_h__main,pusht,42,48,50,96.0,cowm_p0_gf_h__main__pusht__seed_42
cowm_p0_gf_h__main,pusht,100,48,50,96.0,cowm_p0_gf_h__main__pusht__seed_100
cowm_p0_gf_h__main,pusht,2026,48,50,96.0,cowm_p0_gf_h__main__pusht__seed_2026
cowm_p0_gf_h__main,pusht,3407,47,50,94.0,cowm_p0_gf_h__main__pusht__seed_3407
cowm_p0_gf_h__main,pusht,1234,50,50,100.0,cowm_p0_gf_h__main__pusht__seed_1234
cowm_p0_gf_h__main,pusht,4444,48,50,96.0,cowm_p0_gf_h__main__pusht__seed_4444
cowm_p0_gf_h__main,reacher,42,47,50,94.0,cowm_p0_gf_h__main__reacher__seed_42
cowm_p0_gf_h__main,reacher,100,42,50,84.0,cowm_p0_gf_h__main__reacher__seed_100
cowm_p0_gf_h__main,reacher,2026,42,50,84.0,cowm_p0_gf_h__main__reacher__seed_2026
cowm_p0_gf_h__main,reacher,3407,41,50,82.0,cowm_p0_gf_h__main__reacher__seed_3407
cowm_p0_gf_h__main,reacher,1234,43,50,86.0,cowm_p0_gf_h__main__reacher__seed_1234
cowm_p0_gf_h__main,reacher,4444,41,50,82.0,cowm_p0_gf_h__main__reacher__seed_4444
cowm_p0_gf_h__main,cube,42,50,50,100.0,cowm_p0_gf_h__main__cube__seed_42
cowm_p0_gf_h__main,cube,100,50,50,100.0,cowm_p0_gf_h__main__cube__seed_100
cowm_p0_gf_h__main,cube,2026,50,50,100.0,cowm_p0_gf_h__main__cube__seed_2026
cowm_p0_gf_h__main,cube,3407,50,50,100.0,cowm_p0_gf_h__main__cube__seed_3407
cowm_p0_gf_h__main,cube,1234,50,50,100.0,cowm_p0_gf_h__main__cube__seed_1234
cowm_p0_gf_h__main,cube,4444,50,50,100.0,cowm_p0_gf_h__main__cube__seed_4444
cowm_p0_po_l__main,tworoom,42,50,50,100.0,cowm_p0_po_l__main__tworoom__seed_42
cowm_p0_po_l__main,tworoom,100,48,50,96.0,cowm_p0_po_l__main__tworoom__seed_100
cowm_p0_po_l__main,tworoom,2026,49,50,98.0,cowm_p0_po_l__main__tworoom__seed_2026
cowm_p0_po_l__main,tworoom,3407,49,50,98.0,cowm_p0_po_l__main__tworoom__seed_3407
cowm_p0_po_l__main,tworoom,1234,49,50,98.0,cowm_p0_po_l__main__tworoom__seed_1234
cowm_p0_po_l__main,tworoom,4444,50,50,100.0,cowm_p0_po_l__main__tworoom__seed_4444
cowm_p0_po_l__main,pusht,42,49,50,98.0,cowm_p0_po_l__main__pusht__seed_42
cowm_p0_po_l__main,pusht,100,49,50,98.0,cowm_p0_po_l__main__pusht__seed_100
cowm_p0_po_l__main,pusht,2026,48,50,96.0,cowm_p0_po_l__main__pusht__seed_2026
cowm_p0_po_l__main,pusht,3407,46,50,92.0,cowm_p0_po_l__main__pusht__seed_3407
cowm_p0_po_l__main,pusht,1234,50,50,100.0,cowm_p0_po_l__main__pusht__seed_1234
cowm_p0_po_l__main,pusht,4444,49,50,98.0,cowm_p0_po_l__main__pusht__seed_4444
cowm_p0_po_l__main,reacher,42,42,50,84.0,cowm_p0_po_l__main__reacher__seed_42
cowm_p0_po_l__main,reacher,100,42,50,84.0,cowm_p0_po_l__main__reacher__seed_100
cowm_p0_po_l__main,reacher,2026,39,50,78.0,cowm_p0_po_l__main__reacher__seed_2026
cowm_p0_po_l__main,reacher,3407,41,50,82.0,cowm_p0_po_l__main__reacher__seed_3407
cowm_p0_po_l__main,reacher,1234,41,50,82.0,cowm_p0_po_l__main__reacher__seed_1234
cowm_p0_po_l__main,reacher,4444,43,50,86.0,cowm_p0_po_l__main__reacher__seed_4444
cowm_p0_po_l__main,cube,42,50,50,100.0,cowm_p0_po_l__main__cube__seed_42
cowm_p0_po_l__main,cube,100,50,50,100.0,cowm_p0_po_l__main__cube__seed_100
cowm_p0_po_l__main,cube,2026,50,50,100.0,cowm_p0_po_l__main__cube__seed_2026
cowm_p0_po_l__main,cube,3407,50,50,100.0,cowm_p0_po_l__main__cube__seed_3407
cowm_p0_po_l__main,cube,1234,50,50,100.0,cowm_p0_po_l__main__cube__seed_1234
cowm_p0_po_l__main,cube,4444,50,50,100.0,cowm_p0_po_l__main__cube__seed_4444
cowm_p0_po_h__main,tworoom,42,50,50,100.0,cowm_p0_po_h__main__tworoom__seed_42
cowm_p0_po_h__main,tworoom,100,48,50,96.0,cowm_p0_po_h__main__tworoom__seed_100
cowm_p0_po_h__main,tworoom,2026,50,50,100.0,cowm_p0_po_h__main__tworoom__seed_2026
cowm_p0_po_h__main,tworoom,3407,50,50,100.0,cowm_p0_po_h__main__tworoom__seed_3407
cowm_p0_po_h__main,tworoom,1234,50,50,100.0,cowm_p0_po_h__main__tworoom__seed_1234
cowm_p0_po_h__main,tworoom,4444,50,50,100.0,cowm_p0_po_h__main__tworoom__seed_4444
cowm_p0_po_h__main,pusht,42,48,50,96.0,cowm_p0_po_h__main__pusht__seed_42
cowm_p0_po_h__main,pusht,100,48,50,96.0,cowm_p0_po_h__main__pusht__seed_100
cowm_p0_po_h__main,pusht,2026,47,50,94.0,cowm_p0_po_h__main__pusht__seed_2026
cowm_p0_po_h__main,pusht,3407,47,50,94.0,cowm_p0_po_h__main__pusht__seed_3407
cowm_p0_po_h__main,pusht,1234,50,50,100.0,cowm_p0_po_h__main__pusht__seed_1234
cowm_p0_po_h__main,pusht,4444,48,50,96.0,cowm_p0_po_h__main__pusht__seed_4444
cowm_p0_po_h__main,reacher,42,44,50,88.0,cowm_p0_po_h__main__reacher__seed_42
cowm_p0_po_h__main,reacher,100,42,50,84.0,cowm_p0_po_h__main__reacher__seed_100
cowm_p0_po_h__main,reacher,2026,44,50,88.0,cowm_p0_po_h__main__reacher__seed_2026
cowm_p0_po_h__main,reacher,3407,39,50,78.0,cowm_p0_po_h__main__reacher__seed_3407
cowm_p0_po_h__main,reacher,1234,45,50,90.0,cowm_p0_po_h__main__reacher__seed_1234
cowm_p0_po_h__main,reacher,4444,41,50,82.0,cowm_p0_po_h__main__reacher__seed_4444
cowm_p0_po_h__main,cube,42,50,50,100.0,cowm_p0_po_h__main__cube__seed_42
cowm_p0_po_h__main,cube,100,50,50,100.0,cowm_p0_po_h__main__cube__seed_100
cowm_p0_po_h__main,cube,2026,50,50,100.0,cowm_p0_po_h__main__cube__seed_2026
cowm_p0_po_h__main,cube,3407,50,50,100.0,cowm_p0_po_h__main__cube__seed_3407
cowm_p0_po_h__main,cube,1234,49,50,98.0,cowm_p0_po_h__main__cube__seed_1234
cowm_p0_po_h__main,cube,4444,50,50,100.0,cowm_p0_po_h__main__cube__seed_4444
cowm_p2_gf_l__main,tworoom,42,50,50,100.0,cowm_p2_gf_l__main__tworoom__seed_42
cowm_p2_gf_l__main,tworoom,100,48,50,96.0,cowm_p2_gf_l__main__tworoom__seed_100
cowm_p2_gf_l__main,tworoom,2026,50,50,100.0,cowm_p2_gf_l__main__tworoom__seed_2026
cowm_p2_gf_l__main,tworoom,3407,50,50,100.0,cowm_p2_gf_l__main__tworoom__seed_3407
cowm_p2_gf_l__main,tworoom,1234,49,50,98.0,cowm_p2_gf_l__main__tworoom__seed_1234
cowm_p2_gf_l__main,tworoom,4444,50,50,100.0,cowm_p2_gf_l__main__tworoom__seed_4444
cowm_p2_gf_l__main,pusht,42,48,50,96.0,cowm_p2_gf_l__main__pusht__seed_42
cowm_p2_gf_l__main,pusht,100,46,50,92.0,cowm_p2_gf_l__main__pusht__seed_100
cowm_p2_gf_l__main,pusht,2026,46,50,92.0,cowm_p2_gf_l__main__pusht__seed_2026
cowm_p2_gf_l__main,pusht,3407,46,50,92.0,cowm_p2_gf_l__main__pusht__seed_3407
cowm_p2_gf_l__main,pusht,1234,49,50,98.0,cowm_p2_gf_l__main__pusht__seed_1234
cowm_p2_gf_l__main,pusht,4444,45,50,90.0,cowm_p2_gf_l__main__pusht__seed_4444
cowm_p2_gf_l__main,reacher,42,37,50,74.0,cowm_p2_gf_l__main__reacher__seed_42
cowm_p2_gf_l__main,reacher,100,39,50,78.0,cowm_p2_gf_l__main__reacher__seed_100
cowm_p2_gf_l__main,reacher,2026,33,50,66.0,cowm_p2_gf_l__main__reacher__seed_2026
cowm_p2_gf_l__main,reacher,3407,38,50,76.0,cowm_p2_gf_l__main__reacher__seed_3407
cowm_p2_gf_l__main,reacher,1234,34,50,68.0,cowm_p2_gf_l__main__reacher__seed_1234
cowm_p2_gf_l__main,reacher,4444,37,50,74.0,cowm_p2_gf_l__main__reacher__seed_4444
cowm_p2_gf_l__main,cube,42,48,50,96.0,cowm_p2_gf_l__main__cube__seed_42
cowm_p2_gf_l__main,cube,100,50,50,100.0,cowm_p2_gf_l__main__cube__seed_100
cowm_p2_gf_l__main,cube,2026,49,50,98.0,cowm_p2_gf_l__main__cube__seed_2026
cowm_p2_gf_l__main,cube,3407,48,50,96.0,cowm_p2_gf_l__main__cube__seed_3407
cowm_p2_gf_l__main,cube,1234,46,50,92.0,cowm_p2_gf_l__main__cube__seed_1234
cowm_p2_gf_l__main,cube,4444,49,50,98.0,cowm_p2_gf_l__main__cube__seed_4444
cowm_p2_gf_h__main,tworoom,42,50,50,100.0,cowm_p2_gf_h__main__tworoom__seed_42
cowm_p2_gf_h__main,tworoom,100,50,50,100.0,cowm_p2_gf_h__main__tworoom__seed_100
cowm_p2_gf_h__main,tworoom,2026,50,50,100.0,cowm_p2_gf_h__main__tworoom__seed_2026
cowm_p2_gf_h__main,tworoom,3407,50,50,100.0,cowm_p2_gf_h__main__tworoom__seed_3407
cowm_p2_gf_h__main,tworoom,1234,50,50,100.0,cowm_p2_gf_h__main__tworoom__seed_1234
cowm_p2_gf_h__main,tworoom,4444,50,50,100.0,cowm_p2_gf_h__main__tworoom__seed_4444
cowm_p2_gf_h__main,pusht,42,48,50,96.0,cowm_p2_gf_h__main__pusht__seed_42
cowm_p2_gf_h__main,pusht,100,47,50,94.0,cowm_p2_gf_h__main__pusht__seed_100
cowm_p2_gf_h__main,pusht,2026,47,50,94.0,cowm_p2_gf_h__main__pusht__seed_2026
cowm_p2_gf_h__main,pusht,3407,45,50,90.0,cowm_p2_gf_h__main__pusht__seed_3407
cowm_p2_gf_h__main,pusht,1234,48,50,96.0,cowm_p2_gf_h__main__pusht__seed_1234
cowm_p2_gf_h__main,pusht,4444,45,50,90.0,cowm_p2_gf_h__main__pusht__seed_4444
cowm_p2_gf_h__main,reacher,42,36,50,72.0,cowm_p2_gf_h__main__reacher__seed_42
cowm_p2_gf_h__main,reacher,100,40,50,80.0,cowm_p2_gf_h__main__reacher__seed_100
cowm_p2_gf_h__main,reacher,2026,37,50,74.0,cowm_p2_gf_h__main__reacher__seed_2026
cowm_p2_gf_h__main,reacher,3407,38,50,76.0,cowm_p2_gf_h__main__reacher__seed_3407
cowm_p2_gf_h__main,reacher,1234,39,50,78.0,cowm_p2_gf_h__main__reacher__seed_1234
cowm_p2_gf_h__main,reacher,4444,37,50,74.0,cowm_p2_gf_h__main__reacher__seed_4444
cowm_p2_gf_h__main,cube,42,48,50,96.0,cowm_p2_gf_h__main__cube__seed_42
cowm_p2_gf_h__main,cube,100,49,50,98.0,cowm_p2_gf_h__main__cube__seed_100
cowm_p2_gf_h__main,cube,2026,50,50,100.0,cowm_p2_gf_h__main__cube__seed_2026
cowm_p2_gf_h__main,cube,3407,50,50,100.0,cowm_p2_gf_h__main__cube__seed_3407
cowm_p2_gf_h__main,cube,1234,47,50,94.0,cowm_p2_gf_h__main__cube__seed_1234
cowm_p2_gf_h__main,cube,4444,49,50,98.0,cowm_p2_gf_h__main__cube__seed_4444
cowm_p2_po_l__main,tworoom,42,50,50,100.0,cowm_p2_po_l__main__tworoom__seed_42
cowm_p2_po_l__main,tworoom,100,47,50,94.0,cowm_p2_po_l__main__tworoom__seed_100
cowm_p2_po_l__main,tworoom,2026,50,50,100.0,cowm_p2_po_l__main__tworoom__seed_2026
cowm_p2_po_l__main,tworoom,3407,50,50,100.0,cowm_p2_po_l__main__tworoom__seed_3407
cowm_p2_po_l__main,tworoom,1234,50,50,100.0,cowm_p2_po_l__main__tworoom__seed_1234
cowm_p2_po_l__main,tworoom,4444,50,50,100.0,cowm_p2_po_l__main__tworoom__seed_4444
cowm_p2_po_l__main,pusht,42,49,50,98.0,cowm_p2_po_l__main__pusht__seed_42
cowm_p2_po_l__main,pusht,100,48,50,96.0,cowm_p2_po_l__main__pusht__seed_100
cowm_p2_po_l__main,pusht,2026,47,50,94.0,cowm_p2_po_l__main__pusht__seed_2026
cowm_p2_po_l__main,pusht,3407,47,50,94.0,cowm_p2_po_l__main__pusht__seed_3407
cowm_p2_po_l__main,pusht,1234,47,50,94.0,cowm_p2_po_l__main__pusht__seed_1234
cowm_p2_po_l__main,pusht,4444,46,50,92.0,cowm_p2_po_l__main__pusht__seed_4444
cowm_p2_po_l__main,reacher,42,40,50,80.0,cowm_p2_po_l__main__reacher__seed_42
cowm_p2_po_l__main,reacher,100,38,50,76.0,cowm_p2_po_l__main__reacher__seed_100
cowm_p2_po_l__main,reacher,2026,32,50,64.0,cowm_p2_po_l__main__reacher__seed_2026
cowm_p2_po_l__main,reacher,3407,37,50,74.0,cowm_p2_po_l__main__reacher__seed_3407
cowm_p2_po_l__main,reacher,1234,40,50,80.0,cowm_p2_po_l__main__reacher__seed_1234
cowm_p2_po_l__main,reacher,4444,35,50,70.0,cowm_p2_po_l__main__reacher__seed_4444
cowm_p2_po_l__main,cube,42,48,50,96.0,cowm_p2_po_l__main__cube__seed_42
cowm_p2_po_l__main,cube,100,48,50,96.0,cowm_p2_po_l__main__cube__seed_100
cowm_p2_po_l__main,cube,2026,49,50,98.0,cowm_p2_po_l__main__cube__seed_2026
cowm_p2_po_l__main,cube,3407,48,50,96.0,cowm_p2_po_l__main__cube__seed_3407
cowm_p2_po_l__main,cube,1234,48,50,96.0,cowm_p2_po_l__main__cube__seed_1234
cowm_p2_po_l__main,cube,4444,50,50,100.0,cowm_p2_po_l__main__cube__seed_4444
cowm_p2_po_h__main,tworoom,42,49,50,98.0,cowm_p2_po_h__main__tworoom__seed_42
cowm_p2_po_h__main,tworoom,100,50,50,100.0,cowm_p2_po_h__main__tworoom__seed_100
cowm_p2_po_h__main,tworoom,2026,50,50,100.0,cowm_p2_po_h__main__tworoom__seed_2026
cowm_p2_po_h__main,tworoom,3407,50,50,100.0,cowm_p2_po_h__main__tworoom__seed_3407
cowm_p2_po_h__main,tworoom,1234,50,50,100.0,cowm_p2_po_h__main__tworoom__seed_1234
cowm_p2_po_h__main,tworoom,4444,50,50,100.0,cowm_p2_po_h__main__tworoom__seed_4444
cowm_p2_po_h__main,pusht,42,49,50,98.0,cowm_p2_po_h__main__pusht__seed_42
cowm_p2_po_h__main,pusht,100,48,50,96.0,cowm_p2_po_h__main__pusht__seed_100
cowm_p2_po_h__main,pusht,2026,47,50,94.0,cowm_p2_po_h__main__pusht__seed_2026
cowm_p2_po_h__main,pusht,3407,46,50,92.0,cowm_p2_po_h__main__pusht__seed_3407
cowm_p2_po_h__main,pusht,1234,48,50,96.0,cowm_p2_po_h__main__pusht__seed_1234
cowm_p2_po_h__main,pusht,4444,46,50,92.0,cowm_p2_po_h__main__pusht__seed_4444
cowm_p2_po_h__main,reacher,42,37,50,74.0,cowm_p2_po_h__main__reacher__seed_42
cowm_p2_po_h__main,reacher,100,38,50,76.0,cowm_p2_po_h__main__reacher__seed_100
cowm_p2_po_h__main,reacher,2026,36,50,72.0,cowm_p2_po_h__main__reacher__seed_2026
cowm_p2_po_h__main,reacher,3407,38,50,76.0,cowm_p2_po_h__main__reacher__seed_3407
cowm_p2_po_h__main,reacher,1234,44,50,88.0,cowm_p2_po_h__main__reacher__seed_1234
cowm_p2_po_h__main,reacher,4444,36,50,72.0,cowm_p2_po_h__main__reacher__seed_4444
cowm_p2_po_h__main,cube,42,48,50,96.0,cowm_p2_po_h__main__cube__seed_42
cowm_p2_po_h__main,cube,100,49,50,98.0,cowm_p2_po_h__main__cube__seed_100
cowm_p2_po_h__main,cube,2026,50,50,100.0,cowm_p2_po_h__main__cube__seed_2026
cowm_p2_po_h__main,cube,3407,48,50,96.0,cowm_p2_po_h__main__cube__seed_3407
cowm_p2_po_h__main,cube,1234,47,50,94.0,cowm_p2_po_h__main__cube__seed_1234
cowm_p2_po_h__main,cube,4444,49,50,98.0,cowm_p2_po_h__main__cube__seed_4444
cowm_p3_gf_l__main,tworoom,42,50,50,100.0,cowm_p3_gf_l__main__tworoom__seed_42
cowm_p3_gf_l__main,tworoom,100,50,50,100.0,cowm_p3_gf_l__main__tworoom__seed_100
cowm_p3_gf_l__main,tworoom,2026,50,50,100.0,cowm_p3_gf_l__main__tworoom__seed_2026
cowm_p3_gf_l__main,tworoom,3407,50,50,100.0,cowm_p3_gf_l__main__tworoom__seed_3407
cowm_p3_gf_l__main,tworoom,1234,50,50,100.0,cowm_p3_gf_l__main__tworoom__seed_1234
cowm_p3_gf_l__main,tworoom,4444,50,50,100.0,cowm_p3_gf_l__main__tworoom__seed_4444
cowm_p3_gf_l__main,pusht,42,49,50,98.0,cowm_p3_gf_l__main__pusht__seed_42
cowm_p3_gf_l__main,pusht,100,48,50,96.0,cowm_p3_gf_l__main__pusht__seed_100
cowm_p3_gf_l__main,pusht,2026,47,50,94.0,cowm_p3_gf_l__main__pusht__seed_2026
cowm_p3_gf_l__main,pusht,3407,50,50,100.0,cowm_p3_gf_l__main__pusht__seed_3407
cowm_p3_gf_l__main,pusht,1234,50,50,100.0,cowm_p3_gf_l__main__pusht__seed_1234
cowm_p3_gf_l__main,pusht,4444,49,50,98.0,cowm_p3_gf_l__main__pusht__seed_4444
cowm_p3_gf_l__main,reacher,42,44,50,88.0,cowm_p3_gf_l__main__reacher__seed_42
cowm_p3_gf_l__main,reacher,100,42,50,84.0,cowm_p3_gf_l__main__reacher__seed_100
cowm_p3_gf_l__main,reacher,2026,42,50,84.0,cowm_p3_gf_l__main__reacher__seed_2026
cowm_p3_gf_l__main,reacher,3407,45,50,90.0,cowm_p3_gf_l__main__reacher__seed_3407
cowm_p3_gf_l__main,reacher,1234,42,50,84.0,cowm_p3_gf_l__main__reacher__seed_1234
cowm_p3_gf_l__main,reacher,4444,47,50,94.0,cowm_p3_gf_l__main__reacher__seed_4444
cowm_p3_gf_l__main,cube,42,50,50,100.0,cowm_p3_gf_l__main__cube__seed_42
cowm_p3_gf_l__main,cube,100,50,50,100.0,cowm_p3_gf_l__main__cube__seed_100
cowm_p3_gf_l__main,cube,2026,50,50,100.0,cowm_p3_gf_l__main__cube__seed_2026
cowm_p3_gf_l__main,cube,3407,50,50,100.0,cowm_p3_gf_l__main__cube__seed_3407
cowm_p3_gf_l__main,cube,1234,49,50,98.0,cowm_p3_gf_l__main__cube__seed_1234
cowm_p3_gf_l__main,cube,4444,50,50,100.0,cowm_p3_gf_l__main__cube__seed_4444
cowm_p3_gf_h__main,tworoom,42,50,50,100.0,cowm_p3_gf_h__main__tworoom__seed_42
cowm_p3_gf_h__main,tworoom,100,49,50,98.0,cowm_p3_gf_h__main__tworoom__seed_100
cowm_p3_gf_h__main,tworoom,2026,50,50,100.0,cowm_p3_gf_h__main__tworoom__seed_2026
cowm_p3_gf_h__main,tworoom,3407,50,50,100.0,cowm_p3_gf_h__main__tworoom__seed_3407
cowm_p3_gf_h__main,tworoom,1234,50,50,100.0,cowm_p3_gf_h__main__tworoom__seed_1234
cowm_p3_gf_h__main,tworoom,4444,50,50,100.0,cowm_p3_gf_h__main__tworoom__seed_4444
cowm_p3_gf_h__main,pusht,42,48,50,96.0,cowm_p3_gf_h__main__pusht__seed_42
cowm_p3_gf_h__main,pusht,100,47,50,94.0,cowm_p3_gf_h__main__pusht__seed_100
cowm_p3_gf_h__main,pusht,2026,48,50,96.0,cowm_p3_gf_h__main__pusht__seed_2026
cowm_p3_gf_h__main,pusht,3407,48,50,96.0,cowm_p3_gf_h__main__pusht__seed_3407
cowm_p3_gf_h__main,pusht,1234,50,50,100.0,cowm_p3_gf_h__main__pusht__seed_1234
cowm_p3_gf_h__main,pusht,4444,49,50,98.0,cowm_p3_gf_h__main__pusht__seed_4444
cowm_p3_gf_h__main,reacher,42,44,50,88.0,cowm_p3_gf_h__main__reacher__seed_42
cowm_p3_gf_h__main,reacher,100,45,50,90.0,cowm_p3_gf_h__main__reacher__seed_100
cowm_p3_gf_h__main,reacher,2026,40,50,80.0,cowm_p3_gf_h__main__reacher__seed_2026
cowm_p3_gf_h__main,reacher,3407,42,50,84.0,cowm_p3_gf_h__main__reacher__seed_3407
cowm_p3_gf_h__main,reacher,1234,46,50,92.0,cowm_p3_gf_h__main__reacher__seed_1234
cowm_p3_gf_h__main,reacher,4444,41,50,82.0,cowm_p3_gf_h__main__reacher__seed_4444
cowm_p3_gf_h__main,cube,42,50,50,100.0,cowm_p3_gf_h__main__cube__seed_42
cowm_p3_gf_h__main,cube,100,50,50,100.0,cowm_p3_gf_h__main__cube__seed_100
cowm_p3_gf_h__main,cube,2026,50,50,100.0,cowm_p3_gf_h__main__cube__seed_2026
cowm_p3_gf_h__main,cube,3407,50,50,100.0,cowm_p3_gf_h__main__cube__seed_3407
cowm_p3_gf_h__main,cube,1234,49,50,98.0,cowm_p3_gf_h__main__cube__seed_1234
cowm_p3_gf_h__main,cube,4444,50,50,100.0,cowm_p3_gf_h__main__cube__seed_4444
cowm_p3_po_l__main,tworoom,42,50,50,100.0,cowm_p3_po_l__main__tworoom__seed_42
cowm_p3_po_l__main,tworoom,100,50,50,100.0,cowm_p3_po_l__main__tworoom__seed_100
cowm_p3_po_l__main,tworoom,2026,50,50,100.0,cowm_p3_po_l__main__tworoom__seed_2026
cowm_p3_po_l__main,tworoom,3407,50,50,100.0,cowm_p3_po_l__main__tworoom__seed_3407
cowm_p3_po_l__main,tworoom,1234,50,50,100.0,cowm_p3_po_l__main__tworoom__seed_1234
cowm_p3_po_l__main,tworoom,4444,50,50,100.0,cowm_p3_po_l__main__tworoom__seed_4444
cowm_p3_po_l__main,pusht,42,50,50,100.0,cowm_p3_po_l__main__pusht__seed_42
cowm_p3_po_l__main,pusht,100,47,50,94.0,cowm_p3_po_l__main__pusht__seed_100
cowm_p3_po_l__main,pusht,2026,48,50,96.0,cowm_p3_po_l__main__pusht__seed_2026
cowm_p3_po_l__main,pusht,3407,50,50,100.0,cowm_p3_po_l__main__pusht__seed_3407
cowm_p3_po_l__main,pusht,1234,49,50,98.0,cowm_p3_po_l__main__pusht__seed_1234
cowm_p3_po_l__main,pusht,4444,49,50,98.0,cowm_p3_po_l__main__pusht__seed_4444
cowm_p3_po_l__main,reacher,42,41,50,82.0,cowm_p3_po_l__main__reacher__seed_42
cowm_p3_po_l__main,reacher,100,45,50,90.0,cowm_p3_po_l__main__reacher__seed_100
cowm_p3_po_l__main,reacher,2026,44,50,88.0,cowm_p3_po_l__main__reacher__seed_2026
cowm_p3_po_l__main,reacher,3407,44,50,88.0,cowm_p3_po_l__main__reacher__seed_3407
cowm_p3_po_l__main,reacher,1234,46,50,92.0,cowm_p3_po_l__main__reacher__seed_1234
cowm_p3_po_l__main,reacher,4444,45,50,90.0,cowm_p3_po_l__main__reacher__seed_4444
cowm_p3_po_l__main,cube,42,50,50,100.0,cowm_p3_po_l__main__cube__seed_42
cowm_p3_po_l__main,cube,100,50,50,100.0,cowm_p3_po_l__main__cube__seed_100
cowm_p3_po_l__main,cube,2026,50,50,100.0,cowm_p3_po_l__main__cube__seed_2026
cowm_p3_po_l__main,cube,3407,50,50,100.0,cowm_p3_po_l__main__cube__seed_3407
cowm_p3_po_l__main,cube,1234,49,50,98.0,cowm_p3_po_l__main__cube__seed_1234
cowm_p3_po_l__main,cube,4444,50,50,100.0,cowm_p3_po_l__main__cube__seed_4444
cowm_p3_po_h__main,tworoom,42,50,50,100.0,cowm_p3_po_h__main__tworoom__seed_42
cowm_p3_po_h__main,tworoom,100,50,50,100.0,cowm_p3_po_h__main__tworoom__seed_100
cowm_p3_po_h__main,tworoom,2026,50,50,100.0,cowm_p3_po_h__main__tworoom__seed_2026
cowm_p3_po_h__main,tworoom,3407,50,50,100.0,cowm_p3_po_h__main__tworoom__seed_3407
cowm_p3_po_h__main,tworoom,1234,50,50,100.0,cowm_p3_po_h__main__tworoom__seed_1234
cowm_p3_po_h__main,tworoom,4444,50,50,100.0,cowm_p3_po_h__main__tworoom__seed_4444
cowm_p3_po_h__main,pusht,42,50,50,100.0,cowm_p3_po_h__main__pusht__seed_42
cowm_p3_po_h__main,pusht,100,46,50,92.0,cowm_p3_po_h__main__pusht__seed_100
cowm_p3_po_h__main,pusht,2026,47,50,94.0,cowm_p3_po_h__main__pusht__seed_2026
cowm_p3_po_h__main,pusht,3407,49,50,98.0,cowm_p3_po_h__main__pusht__seed_3407
cowm_p3_po_h__main,pusht,1234,50,50,100.0,cowm_p3_po_h__main__pusht__seed_1234
cowm_p3_po_h__main,pusht,4444,49,50,98.0,cowm_p3_po_h__main__pusht__seed_4444
cowm_p3_po_h__main,reacher,42,45,50,90.0,cowm_p3_po_h__main__reacher__seed_42
cowm_p3_po_h__main,reacher,100,46,50,92.0,cowm_p3_po_h__main__reacher__seed_100
cowm_p3_po_h__main,reacher,2026,45,50,90.0,cowm_p3_po_h__main__reacher__seed_2026
cowm_p3_po_h__main,reacher,3407,41,50,82.0,cowm_p3_po_h__main__reacher__seed_3407
cowm_p3_po_h__main,reacher,1234,46,50,92.0,cowm_p3_po_h__main__reacher__seed_1234
cowm_p3_po_h__main,reacher,4444,44,50,88.0,cowm_p3_po_h__main__reacher__seed_4444
cowm_p3_po_h__main,cube,42,50,50,100.0,cowm_p3_po_h__main__cube__seed_42
cowm_p3_po_h__main,cube,100,50,50,100.0,cowm_p3_po_h__main__cube__seed_100
cowm_p3_po_h__main,cube,2026,50,50,100.0,cowm_p3_po_h__main__cube__seed_2026
cowm_p3_po_h__main,cube,3407,50,50,100.0,cowm_p3_po_h__main__cube__seed_3407
cowm_p3_po_h__main,cube,1234,49,50,98.0,cowm_p3_po_h__main__cube__seed_1234
cowm_p3_po_h__main,cube,4444,50,50,100.0,cowm_p3_po_h__main__cube__seed_4444
cowm_p3_po_refine_l__main,tworoom,42,49,50,98.0,cowm_p3_po_refine_l__main__tworoom__seed_42
cowm_p3_po_refine_l__main,tworoom,100,50,50,100.0,cowm_p3_po_refine_l__main__tworoom__seed_100
cowm_p3_po_refine_l__main,tworoom,2026,50,50,100.0,cowm_p3_po_refine_l__main__tworoom__seed_2026
cowm_p3_po_refine_l__main,tworoom,3407,50,50,100.0,cowm_p3_po_refine_l__main__tworoom__seed_3407
cowm_p3_po_refine_l__main,tworoom,1234,50,50,100.0,cowm_p3_po_refine_l__main__tworoom__seed_1234
cowm_p3_po_refine_l__main,tworoom,4444,50,50,100.0,cowm_p3_po_refine_l__main__tworoom__seed_4444
cowm_p3_po_refine_l__main,pusht,42,49,50,98.0,cowm_p3_po_refine_l__main__pusht__seed_42
cowm_p3_po_refine_l__main,pusht,100,48,50,96.0,cowm_p3_po_refine_l__main__pusht__seed_100
cowm_p3_po_refine_l__main,pusht,2026,48,50,96.0,cowm_p3_po_refine_l__main__pusht__seed_2026
cowm_p3_po_refine_l__main,pusht,3407,49,50,98.0,cowm_p3_po_refine_l__main__pusht__seed_3407
cowm_p3_po_refine_l__main,pusht,1234,49,50,98.0,cowm_p3_po_refine_l__main__pusht__seed_1234
cowm_p3_po_refine_l__main,pusht,4444,49,50,98.0,cowm_p3_po_refine_l__main__pusht__seed_4444
cowm_p3_po_refine_l__main,reacher,42,45,50,90.0,cowm_p3_po_refine_l__main__reacher__seed_42
cowm_p3_po_refine_l__main,reacher,100,47,50,94.0,cowm_p3_po_refine_l__main__reacher__seed_100
cowm_p3_po_refine_l__main,reacher,2026,42,50,84.0,cowm_p3_po_refine_l__main__reacher__seed_2026
cowm_p3_po_refine_l__main,reacher,3407,43,50,86.0,cowm_p3_po_refine_l__main__reacher__seed_3407
cowm_p3_po_refine_l__main,reacher,1234,45,50,90.0,cowm_p3_po_refine_l__main__reacher__seed_1234
cowm_p3_po_refine_l__main,reacher,4444,39,50,78.0,cowm_p3_po_refine_l__main__reacher__seed_4444
cowm_p3_po_refine_l__main,cube,42,50,50,100.0,cowm_p3_po_refine_l__main__cube__seed_42
cowm_p3_po_refine_l__main,cube,100,50,50,100.0,cowm_p3_po_refine_l__main__cube__seed_100
cowm_p3_po_refine_l__main,cube,2026,50,50,100.0,cowm_p3_po_refine_l__main__cube__seed_2026
cowm_p3_po_refine_l__main,cube,3407,50,50,100.0,cowm_p3_po_refine_l__main__cube__seed_3407
cowm_p3_po_refine_l__main,cube,1234,49,50,98.0,cowm_p3_po_refine_l__main__cube__seed_1234
cowm_p3_po_refine_l__main,cube,4444,50,50,100.0,cowm_p3_po_refine_l__main__cube__seed_4444
cowm_p3_po_refine_h__main,tworoom,42,49,50,98.0,cowm_p3_po_refine_h__main__tworoom__seed_42
cowm_p3_po_refine_h__main,tworoom,100,49,50,98.0,cowm_p3_po_refine_h__main__tworoom__seed_100
cowm_p3_po_refine_h__main,tworoom,2026,50,50,100.0,cowm_p3_po_refine_h__main__tworoom__seed_2026
cowm_p3_po_refine_h__main,tworoom,3407,50,50,100.0,cowm_p3_po_refine_h__main__tworoom__seed_3407
cowm_p3_po_refine_h__main,tworoom,1234,50,50,100.0,cowm_p3_po_refine_h__main__tworoom__seed_1234
cowm_p3_po_refine_h__main,tworoom,4444,50,50,100.0,cowm_p3_po_refine_h__main__tworoom__seed_4444
cowm_p3_po_refine_h__main,pusht,42,49,50,98.0,cowm_p3_po_refine_h__main__pusht__seed_42
cowm_p3_po_refine_h__main,pusht,100,47,50,94.0,cowm_p3_po_refine_h__main__pusht__seed_100
cowm_p3_po_refine_h__main,pusht,2026,47,50,94.0,cowm_p3_po_refine_h__main__pusht__seed_2026
cowm_p3_po_refine_h__main,pusht,3407,49,50,98.0,cowm_p3_po_refine_h__main__pusht__seed_3407
cowm_p3_po_refine_h__main,pusht,1234,50,50,100.0,cowm_p3_po_refine_h__main__pusht__seed_1234
cowm_p3_po_refine_h__main,pusht,4444,49,50,98.0,cowm_p3_po_refine_h__main__pusht__seed_4444
cowm_p3_po_refine_h__main,reacher,42,46,50,92.0,cowm_p3_po_refine_h__main__reacher__seed_42
cowm_p3_po_refine_h__main,reacher,100,43,50,86.0,cowm_p3_po_refine_h__main__reacher__seed_100
cowm_p3_po_refine_h__main,reacher,2026,45,50,90.0,cowm_p3_po_refine_h__main__reacher__seed_2026
cowm_p3_po_refine_h__main,reacher,3407,43,50,86.0,cowm_p3_po_refine_h__main__reacher__seed_3407
cowm_p3_po_refine_h__main,reacher,1234,46,50,92.0,cowm_p3_po_refine_h__main__reacher__seed_1234
cowm_p3_po_refine_h__main,reacher,4444,44,50,88.0,cowm_p3_po_refine_h__main__reacher__seed_4444
cowm_p3_po_refine_h__main,cube,42,50,50,100.0,cowm_p3_po_refine_h__main__cube__seed_42
cowm_p3_po_refine_h__main,cube,100,50,50,100.0,cowm_p3_po_refine_h__main__cube__seed_100
cowm_p3_po_refine_h__main,cube,2026,50,50,100.0,cowm_p3_po_refine_h__main__cube__seed_2026
cowm_p3_po_refine_h__main,cube,3407,50,50,100.0,cowm_p3_po_refine_h__main__cube__seed_3407
cowm_p3_po_refine_h__main,cube,1234,49,50,98.0,cowm_p3_po_refine_h__main__cube__seed_1234
cowm_p3_po_refine_h__main,cube,4444,50,50,100.0,cowm_p3_po_refine_h__main__cube__seed_4444
cowm_p0__crop,tworoom,42,50,50,100.0,cowm_p0__crop__tworoom__seed_42
cowm_p0__crop,tworoom,100,48,50,96.0,cowm_p0__crop__tworoom__seed_100
cowm_p0__crop,tworoom,2026,49,50,98.0,cowm_p0__crop__tworoom__seed_2026
cowm_p0__crop,tworoom,3407,49,50,98.0,cowm_p0__crop__tworoom__seed_3407
cowm_p0__crop,tworoom,1234,49,50,98.0,cowm_p0__crop__tworoom__seed_1234
cowm_p0__crop,tworoom,4444,50,50,100.0,cowm_p0__crop__tworoom__seed_4444
cowm_p0__crop,pusht,42,48,50,96.0,cowm_p0__crop__pusht__seed_42
cowm_p0__crop,pusht,100,49,50,98.0,cowm_p0__crop__pusht__seed_100
cowm_p0__crop,pusht,2026,49,50,98.0,cowm_p0__crop__pusht__seed_2026
cowm_p0__crop,pusht,3407,48,50,96.0,cowm_p0__crop__pusht__seed_3407
cowm_p0__crop,pusht,1234,50,50,100.0,cowm_p0__crop__pusht__seed_1234
cowm_p0__crop,pusht,4444,48,50,96.0,cowm_p0__crop__pusht__seed_4444
cowm_p0__crop,reacher,42,42,50,84.0,cowm_p0__crop__reacher__seed_42
cowm_p0__crop,reacher,100,40,50,80.0,cowm_p0__crop__reacher__seed_100
cowm_p0__crop,reacher,2026,39,50,78.0,cowm_p0__crop__reacher__seed_2026
cowm_p0__crop,reacher,3407,41,50,82.0,cowm_p0__crop__reacher__seed_3407
cowm_p0__crop,reacher,1234,40,50,80.0,cowm_p0__crop__reacher__seed_1234
cowm_p0__crop,reacher,4444,41,50,82.0,cowm_p0__crop__reacher__seed_4444
cowm_p0__crop,cube,42,50,50,100.0,cowm_p0__crop__cube__seed_42
cowm_p0__crop,cube,100,50,50,100.0,cowm_p0__crop__cube__seed_100
cowm_p0__crop,cube,2026,50,50,100.0,cowm_p0__crop__cube__seed_2026
cowm_p0__crop,cube,3407,50,50,100.0,cowm_p0__crop__cube__seed_3407
cowm_p0__crop,cube,1234,50,50,100.0,cowm_p0__crop__cube__seed_1234
cowm_p0__crop,cube,4444,50,50,100.0,cowm_p0__crop__cube__seed_4444
cowm_p1__crop,tworoom,42,48,50,96.0,cowm_p1__crop__tworoom__seed_42
cowm_p1__crop,tworoom,100,45,50,90.0,cowm_p1__crop__tworoom__seed_100
cowm_p1__crop,tworoom,2026,46,50,92.0,cowm_p1__crop__tworoom__seed_2026
cowm_p1__crop,tworoom,3407,46,50,92.0,cowm_p1__crop__tworoom__seed_3407
cowm_p1__crop,tworoom,1234,47,50,94.0,cowm_p1__crop__tworoom__seed_1234
cowm_p1__crop,tworoom,4444,45,50,90.0,cowm_p1__crop__tworoom__seed_4444
cowm_p1__crop,pusht,42,46,50,92.0,cowm_p1__crop__pusht__seed_42
cowm_p1__crop,pusht,100,43,50,86.0,cowm_p1__crop__pusht__seed_100
cowm_p1__crop,pusht,2026,42,50,84.0,cowm_p1__crop__pusht__seed_2026
cowm_p1__crop,pusht,3407,43,50,86.0,cowm_p1__crop__pusht__seed_3407
cowm_p1__crop,pusht,1234,40,50,80.0,cowm_p1__crop__pusht__seed_1234
cowm_p1__crop,pusht,4444,43,50,86.0,cowm_p1__crop__pusht__seed_4444
cowm_p1__crop,reacher,42,49,50,98.0,cowm_p1__crop__reacher__seed_42
cowm_p1__crop,reacher,100,44,50,88.0,cowm_p1__crop__reacher__seed_100
cowm_p1__crop,reacher,2026,46,50,92.0,cowm_p1__crop__reacher__seed_2026
cowm_p1__crop,reacher,3407,42,50,84.0,cowm_p1__crop__reacher__seed_3407
cowm_p1__crop,reacher,1234,47,50,94.0,cowm_p1__crop__reacher__seed_1234
cowm_p1__crop,reacher,4444,42,50,84.0,cowm_p1__crop__reacher__seed_4444
cowm_p1__crop,cube,42,33,50,66.0,cowm_p1__crop__cube__seed_42
cowm_p1__crop,cube,100,28,50,56.00000000000001,cowm_p1__crop__cube__seed_100
cowm_p1__crop,cube,2026,33,50,66.0,cowm_p1__crop__cube__seed_2026
cowm_p1__crop,cube,3407,30,50,60.0,cowm_p1__crop__cube__seed_3407
cowm_p1__crop,cube,1234,36,50,72.0,cowm_p1__crop__cube__seed_1234
cowm_p1__crop,cube,4444,38,50,76.0,cowm_p1__crop__cube__seed_4444
cowm_p2__crop,tworoom,42,50,50,100.0,cowm_p2__crop__tworoom__seed_42
cowm_p2__crop,tworoom,100,50,50,100.0,cowm_p2__crop__tworoom__seed_100
cowm_p2__crop,tworoom,2026,50,50,100.0,cowm_p2__crop__tworoom__seed_2026
cowm_p2__crop,tworoom,3407,50,50,100.0,cowm_p2__crop__tworoom__seed_3407
cowm_p2__crop,tworoom,1234,50,50,100.0,cowm_p2__crop__tworoom__seed_1234
cowm_p2__crop,tworoom,4444,50,50,100.0,cowm_p2__crop__tworoom__seed_4444
cowm_p2__crop,pusht,42,48,50,96.0,cowm_p2__crop__pusht__seed_42
cowm_p2__crop,pusht,100,45,50,90.0,cowm_p2__crop__pusht__seed_100
cowm_p2__crop,pusht,2026,47,50,94.0,cowm_p2__crop__pusht__seed_2026
cowm_p2__crop,pusht,3407,47,50,94.0,cowm_p2__crop__pusht__seed_3407
cowm_p2__crop,pusht,1234,48,50,96.0,cowm_p2__crop__pusht__seed_1234
cowm_p2__crop,pusht,4444,43,50,86.0,cowm_p2__crop__pusht__seed_4444
cowm_p2__crop,reacher,42,42,50,84.0,cowm_p2__crop__reacher__seed_42
cowm_p2__crop,reacher,100,47,50,94.0,cowm_p2__crop__reacher__seed_100
cowm_p2__crop,reacher,2026,42,50,84.0,cowm_p2__crop__reacher__seed_2026
cowm_p2__crop,reacher,3407,41,50,82.0,cowm_p2__crop__reacher__seed_3407
cowm_p2__crop,reacher,1234,48,50,96.0,cowm_p2__crop__reacher__seed_1234
cowm_p2__crop,reacher,4444,42,50,84.0,cowm_p2__crop__reacher__seed_4444
cowm_p2__crop,cube,42,46,50,92.0,cowm_p2__crop__cube__seed_42
cowm_p2__crop,cube,100,44,50,88.0,cowm_p2__crop__cube__seed_100
cowm_p2__crop,cube,2026,47,50,94.0,cowm_p2__crop__cube__seed_2026
cowm_p2__crop,cube,3407,47,50,94.0,cowm_p2__crop__cube__seed_3407
cowm_p2__crop,cube,1234,45,50,90.0,cowm_p2__crop__cube__seed_1234
cowm_p2__crop,cube,4444,48,50,96.0,cowm_p2__crop__cube__seed_4444
cowm_p3__crop,tworoom,42,49,50,98.0,cowm_p3__crop__tworoom__seed_42
cowm_p3__crop,tworoom,100,50,50,100.0,cowm_p3__crop__tworoom__seed_100
cowm_p3__crop,tworoom,2026,50,50,100.0,cowm_p3__crop__tworoom__seed_2026
cowm_p3__crop,tworoom,3407,50,50,100.0,cowm_p3__crop__tworoom__seed_3407
cowm_p3__crop,tworoom,1234,50,50,100.0,cowm_p3__crop__tworoom__seed_1234
cowm_p3__crop,tworoom,4444,50,50,100.0,cowm_p3__crop__tworoom__seed_4444
cowm_p3__crop,pusht,42,48,50,96.0,cowm_p3__crop__pusht__seed_42
cowm_p3__crop,pusht,100,49,50,98.0,cowm_p3__crop__pusht__seed_100
cowm_p3__crop,pusht,2026,48,50,96.0,cowm_p3__crop__pusht__seed_2026
cowm_p3__crop,pusht,3407,49,50,98.0,cowm_p3__crop__pusht__seed_3407
cowm_p3__crop,pusht,1234,49,50,98.0,cowm_p3__crop__pusht__seed_1234
cowm_p3__crop,pusht,4444,48,50,96.0,cowm_p3__crop__pusht__seed_4444
cowm_p3__crop,reacher,42,44,50,88.0,cowm_p3__crop__reacher__seed_42
cowm_p3__crop,reacher,100,45,50,90.0,cowm_p3__crop__reacher__seed_100
cowm_p3__crop,reacher,2026,41,50,82.0,cowm_p3__crop__reacher__seed_2026
cowm_p3__crop,reacher,3407,48,50,96.0,cowm_p3__crop__reacher__seed_3407
cowm_p3__crop,reacher,1234,45,50,90.0,cowm_p3__crop__reacher__seed_1234
cowm_p3__crop,reacher,4444,42,50,84.0,cowm_p3__crop__reacher__seed_4444
cowm_p3__crop,cube,42,50,50,100.0,cowm_p3__crop__cube__seed_42
cowm_p3__crop,cube,100,50,50,100.0,cowm_p3__crop__cube__seed_100
cowm_p3__crop,cube,2026,50,50,100.0,cowm_p3__crop__cube__seed_2026
cowm_p3__crop,cube,3407,50,50,100.0,cowm_p3__crop__cube__seed_3407
cowm_p3__crop,cube,1234,49,50,98.0,cowm_p3__crop__cube__seed_1234
cowm_p3__crop,cube,4444,50,50,100.0,cowm_p3__crop__cube__seed_4444
cowm_p0_gf_l__crop,tworoom,42,50,50,100.0,cowm_p0_gf_l__crop__tworoom__seed_42
cowm_p0_gf_l__crop,tworoom,100,48,50,96.0,cowm_p0_gf_l__crop__tworoom__seed_100
cowm_p0_gf_l__crop,tworoom,2026,49,50,98.0,cowm_p0_gf_l__crop__tworoom__seed_2026
cowm_p0_gf_l__crop,tworoom,3407,49,50,98.0,cowm_p0_gf_l__crop__tworoom__seed_3407
cowm_p0_gf_l__crop,tworoom,1234,49,50,98.0,cowm_p0_gf_l__crop__tworoom__seed_1234
cowm_p0_gf_l__crop,tworoom,4444,50,50,100.0,cowm_p0_gf_l__crop__tworoom__seed_4444
cowm_p0_gf_l__crop,pusht,42,49,50,98.0,cowm_p0_gf_l__crop__pusht__seed_42
cowm_p0_gf_l__crop,pusht,100,49,50,98.0,cowm_p0_gf_l__crop__pusht__seed_100
cowm_p0_gf_l__crop,pusht,2026,49,50,98.0,cowm_p0_gf_l__crop__pusht__seed_2026
cowm_p0_gf_l__crop,pusht,3407,46,50,92.0,cowm_p0_gf_l__crop__pusht__seed_3407
cowm_p0_gf_l__crop,pusht,1234,50,50,100.0,cowm_p0_gf_l__crop__pusht__seed_1234
cowm_p0_gf_l__crop,pusht,4444,49,50,98.0,cowm_p0_gf_l__crop__pusht__seed_4444
cowm_p0_gf_l__crop,reacher,42,47,50,94.0,cowm_p0_gf_l__crop__reacher__seed_42
cowm_p0_gf_l__crop,reacher,100,38,50,76.0,cowm_p0_gf_l__crop__reacher__seed_100
cowm_p0_gf_l__crop,reacher,2026,40,50,80.0,cowm_p0_gf_l__crop__reacher__seed_2026
cowm_p0_gf_l__crop,reacher,3407,48,50,96.0,cowm_p0_gf_l__crop__reacher__seed_3407
cowm_p0_gf_l__crop,reacher,1234,44,50,88.0,cowm_p0_gf_l__crop__reacher__seed_1234
cowm_p0_gf_l__crop,reacher,4444,43,50,86.0,cowm_p0_gf_l__crop__reacher__seed_4444
cowm_p0_gf_l__crop,cube,42,50,50,100.0,cowm_p0_gf_l__crop__cube__seed_42
cowm_p0_gf_l__crop,cube,100,50,50,100.0,cowm_p0_gf_l__crop__cube__seed_100
cowm_p0_gf_l__crop,cube,2026,50,50,100.0,cowm_p0_gf_l__crop__cube__seed_2026
cowm_p0_gf_l__crop,cube,3407,50,50,100.0,cowm_p0_gf_l__crop__cube__seed_3407
cowm_p0_gf_l__crop,cube,1234,50,50,100.0,cowm_p0_gf_l__crop__cube__seed_1234
cowm_p0_gf_l__crop,cube,4444,50,50,100.0,cowm_p0_gf_l__crop__cube__seed_4444
cowm_p0_gf_h__crop,tworoom,42,50,50,100.0,cowm_p0_gf_h__crop__tworoom__seed_42
cowm_p0_gf_h__crop,tworoom,100,48,50,96.0,cowm_p0_gf_h__crop__tworoom__seed_100
cowm_p0_gf_h__crop,tworoom,2026,50,50,100.0,cowm_p0_gf_h__crop__tworoom__seed_2026
cowm_p0_gf_h__crop,tworoom,3407,50,50,100.0,cowm_p0_gf_h__crop__tworoom__seed_3407
cowm_p0_gf_h__crop,tworoom,1234,50,50,100.0,cowm_p0_gf_h__crop__tworoom__seed_1234
cowm_p0_gf_h__crop,tworoom,4444,50,50,100.0,cowm_p0_gf_h__crop__tworoom__seed_4444
cowm_p0_gf_h__crop,pusht,42,48,50,96.0,cowm_p0_gf_h__crop__pusht__seed_42
cowm_p0_gf_h__crop,pusht,100,48,50,96.0,cowm_p0_gf_h__crop__pusht__seed_100
cowm_p0_gf_h__crop,pusht,2026,48,50,96.0,cowm_p0_gf_h__crop__pusht__seed_2026
cowm_p0_gf_h__crop,pusht,3407,47,50,94.0,cowm_p0_gf_h__crop__pusht__seed_3407
cowm_p0_gf_h__crop,pusht,1234,50,50,100.0,cowm_p0_gf_h__crop__pusht__seed_1234
cowm_p0_gf_h__crop,pusht,4444,48,50,96.0,cowm_p0_gf_h__crop__pusht__seed_4444
cowm_p0_gf_h__crop,reacher,42,47,50,94.0,cowm_p0_gf_h__crop__reacher__seed_42
cowm_p0_gf_h__crop,reacher,100,42,50,84.0,cowm_p0_gf_h__crop__reacher__seed_100
cowm_p0_gf_h__crop,reacher,2026,42,50,84.0,cowm_p0_gf_h__crop__reacher__seed_2026
cowm_p0_gf_h__crop,reacher,3407,41,50,82.0,cowm_p0_gf_h__crop__reacher__seed_3407
cowm_p0_gf_h__crop,reacher,1234,43,50,86.0,cowm_p0_gf_h__crop__reacher__seed_1234
cowm_p0_gf_h__crop,reacher,4444,41,50,82.0,cowm_p0_gf_h__crop__reacher__seed_4444
cowm_p0_gf_h__crop,cube,42,50,50,100.0,cowm_p0_gf_h__crop__cube__seed_42
cowm_p0_gf_h__crop,cube,100,50,50,100.0,cowm_p0_gf_h__crop__cube__seed_100
cowm_p0_gf_h__crop,cube,2026,50,50,100.0,cowm_p0_gf_h__crop__cube__seed_2026
cowm_p0_gf_h__crop,cube,3407,50,50,100.0,cowm_p0_gf_h__crop__cube__seed_3407
cowm_p0_gf_h__crop,cube,1234,50,50,100.0,cowm_p0_gf_h__crop__cube__seed_1234
cowm_p0_gf_h__crop,cube,4444,50,50,100.0,cowm_p0_gf_h__crop__cube__seed_4444
cowm_p0_po_l__crop,tworoom,42,50,50,100.0,cowm_p0_po_l__crop__tworoom__seed_42
cowm_p0_po_l__crop,tworoom,100,48,50,96.0,cowm_p0_po_l__crop__tworoom__seed_100
cowm_p0_po_l__crop,tworoom,2026,49,50,98.0,cowm_p0_po_l__crop__tworoom__seed_2026
cowm_p0_po_l__crop,tworoom,3407,49,50,98.0,cowm_p0_po_l__crop__tworoom__seed_3407
cowm_p0_po_l__crop,tworoom,1234,49,50,98.0,cowm_p0_po_l__crop__tworoom__seed_1234
cowm_p0_po_l__crop,tworoom,4444,50,50,100.0,cowm_p0_po_l__crop__tworoom__seed_4444
cowm_p0_po_l__crop,pusht,42,49,50,98.0,cowm_p0_po_l__crop__pusht__seed_42
cowm_p0_po_l__crop,pusht,100,49,50,98.0,cowm_p0_po_l__crop__pusht__seed_100
cowm_p0_po_l__crop,pusht,2026,48,50,96.0,cowm_p0_po_l__crop__pusht__seed_2026
cowm_p0_po_l__crop,pusht,3407,46,50,92.0,cowm_p0_po_l__crop__pusht__seed_3407
cowm_p0_po_l__crop,pusht,1234,50,50,100.0,cowm_p0_po_l__crop__pusht__seed_1234
cowm_p0_po_l__crop,pusht,4444,49,50,98.0,cowm_p0_po_l__crop__pusht__seed_4444
cowm_p0_po_l__crop,reacher,42,42,50,84.0,cowm_p0_po_l__crop__reacher__seed_42
cowm_p0_po_l__crop,reacher,100,42,50,84.0,cowm_p0_po_l__crop__reacher__seed_100
cowm_p0_po_l__crop,reacher,2026,39,50,78.0,cowm_p0_po_l__crop__reacher__seed_2026
cowm_p0_po_l__crop,reacher,3407,41,50,82.0,cowm_p0_po_l__crop__reacher__seed_3407
cowm_p0_po_l__crop,reacher,1234,41,50,82.0,cowm_p0_po_l__crop__reacher__seed_1234
cowm_p0_po_l__crop,reacher,4444,43,50,86.0,cowm_p0_po_l__crop__reacher__seed_4444
cowm_p0_po_l__crop,cube,42,50,50,100.0,cowm_p0_po_l__crop__cube__seed_42
cowm_p0_po_l__crop,cube,100,50,50,100.0,cowm_p0_po_l__crop__cube__seed_100
cowm_p0_po_l__crop,cube,2026,50,50,100.0,cowm_p0_po_l__crop__cube__seed_2026
cowm_p0_po_l__crop,cube,3407,50,50,100.0,cowm_p0_po_l__crop__cube__seed_3407
cowm_p0_po_l__crop,cube,1234,50,50,100.0,cowm_p0_po_l__crop__cube__seed_1234
cowm_p0_po_l__crop,cube,4444,50,50,100.0,cowm_p0_po_l__crop__cube__seed_4444
cowm_p0_po_h__crop,tworoom,42,50,50,100.0,cowm_p0_po_h__crop__tworoom__seed_42
cowm_p0_po_h__crop,tworoom,100,48,50,96.0,cowm_p0_po_h__crop__tworoom__seed_100
cowm_p0_po_h__crop,tworoom,2026,50,50,100.0,cowm_p0_po_h__crop__tworoom__seed_2026
cowm_p0_po_h__crop,tworoom,3407,50,50,100.0,cowm_p0_po_h__crop__tworoom__seed_3407
cowm_p0_po_h__crop,tworoom,1234,50,50,100.0,cowm_p0_po_h__crop__tworoom__seed_1234
cowm_p0_po_h__crop,tworoom,4444,50,50,100.0,cowm_p0_po_h__crop__tworoom__seed_4444
cowm_p0_po_h__crop,pusht,42,48,50,96.0,cowm_p0_po_h__crop__pusht__seed_42
cowm_p0_po_h__crop,pusht,100,48,50,96.0,cowm_p0_po_h__crop__pusht__seed_100
cowm_p0_po_h__crop,pusht,2026,48,50,96.0,cowm_p0_po_h__crop__pusht__seed_2026
cowm_p0_po_h__crop,pusht,3407,47,50,94.0,cowm_p0_po_h__crop__pusht__seed_3407
cowm_p0_po_h__crop,pusht,1234,50,50,100.0,cowm_p0_po_h__crop__pusht__seed_1234
cowm_p0_po_h__crop,pusht,4444,49,50,98.0,cowm_p0_po_h__crop__pusht__seed_4444
cowm_p0_po_h__crop,reacher,42,44,50,88.0,cowm_p0_po_h__crop__reacher__seed_42
cowm_p0_po_h__crop,reacher,100,42,50,84.0,cowm_p0_po_h__crop__reacher__seed_100
cowm_p0_po_h__crop,reacher,2026,44,50,88.0,cowm_p0_po_h__crop__reacher__seed_2026
cowm_p0_po_h__crop,reacher,3407,39,50,78.0,cowm_p0_po_h__crop__reacher__seed_3407
cowm_p0_po_h__crop,reacher,1234,45,50,90.0,cowm_p0_po_h__crop__reacher__seed_1234
cowm_p0_po_h__crop,reacher,4444,41,50,82.0,cowm_p0_po_h__crop__reacher__seed_4444
cowm_p0_po_h__crop,cube,42,50,50,100.0,cowm_p0_po_h__crop__cube__seed_42
cowm_p0_po_h__crop,cube,100,50,50,100.0,cowm_p0_po_h__crop__cube__seed_100
cowm_p0_po_h__crop,cube,2026,50,50,100.0,cowm_p0_po_h__crop__cube__seed_2026
cowm_p0_po_h__crop,cube,3407,50,50,100.0,cowm_p0_po_h__crop__cube__seed_3407
cowm_p0_po_h__crop,cube,1234,49,50,98.0,cowm_p0_po_h__crop__cube__seed_1234
cowm_p0_po_h__crop,cube,4444,50,50,100.0,cowm_p0_po_h__crop__cube__seed_4444
cowm_p2_gf_l__crop,tworoom,42,50,50,100.0,cowm_p2_gf_l__crop__tworoom__seed_42
cowm_p2_gf_l__crop,tworoom,100,50,50,100.0,cowm_p2_gf_l__crop__tworoom__seed_100
cowm_p2_gf_l__crop,tworoom,2026,50,50,100.0,cowm_p2_gf_l__crop__tworoom__seed_2026
cowm_p2_gf_l__crop,tworoom,3407,50,50,100.0,cowm_p2_gf_l__crop__tworoom__seed_3407
cowm_p2_gf_l__crop,tworoom,1234,50,50,100.0,cowm_p2_gf_l__crop__tworoom__seed_1234
cowm_p2_gf_l__crop,tworoom,4444,50,50,100.0,cowm_p2_gf_l__crop__tworoom__seed_4444
cowm_p2_gf_l__crop,pusht,42,48,50,96.0,cowm_p2_gf_l__crop__pusht__seed_42
cowm_p2_gf_l__crop,pusht,100,45,50,90.0,cowm_p2_gf_l__crop__pusht__seed_100
cowm_p2_gf_l__crop,pusht,2026,48,50,96.0,cowm_p2_gf_l__crop__pusht__seed_2026
cowm_p2_gf_l__crop,pusht,3407,45,50,90.0,cowm_p2_gf_l__crop__pusht__seed_3407
cowm_p2_gf_l__crop,pusht,1234,48,50,96.0,cowm_p2_gf_l__crop__pusht__seed_1234
cowm_p2_gf_l__crop,pusht,4444,45,50,90.0,cowm_p2_gf_l__crop__pusht__seed_4444
cowm_p2_gf_l__crop,reacher,42,45,50,90.0,cowm_p2_gf_l__crop__reacher__seed_42
cowm_p2_gf_l__crop,reacher,100,46,50,92.0,cowm_p2_gf_l__crop__reacher__seed_100
cowm_p2_gf_l__crop,reacher,2026,45,50,90.0,cowm_p2_gf_l__crop__reacher__seed_2026
cowm_p2_gf_l__crop,reacher,3407,43,50,86.0,cowm_p2_gf_l__crop__reacher__seed_3407
cowm_p2_gf_l__crop,reacher,1234,42,50,84.0,cowm_p2_gf_l__crop__reacher__seed_1234
cowm_p2_gf_l__crop,reacher,4444,40,50,80.0,cowm_p2_gf_l__crop__reacher__seed_4444
cowm_p2_gf_l__crop,cube,42,46,50,92.0,cowm_p2_gf_l__crop__cube__seed_42
cowm_p2_gf_l__crop,cube,100,45,50,90.0,cowm_p2_gf_l__crop__cube__seed_100
cowm_p2_gf_l__crop,cube,2026,47,50,94.0,cowm_p2_gf_l__crop__cube__seed_2026
cowm_p2_gf_l__crop,cube,3407,46,50,92.0,cowm_p2_gf_l__crop__cube__seed_3407
cowm_p2_gf_l__crop,cube,1234,44,50,88.0,cowm_p2_gf_l__crop__cube__seed_1234
cowm_p2_gf_l__crop,cube,4444,47,50,94.0,cowm_p2_gf_l__crop__cube__seed_4444
cowm_p2_gf_h__crop,tworoom,42,50,50,100.0,cowm_p2_gf_h__crop__tworoom__seed_42
cowm_p2_gf_h__crop,tworoom,100,50,50,100.0,cowm_p2_gf_h__crop__tworoom__seed_100
cowm_p2_gf_h__crop,tworoom,2026,50,50,100.0,cowm_p2_gf_h__crop__tworoom__seed_2026
cowm_p2_gf_h__crop,tworoom,3407,50,50,100.0,cowm_p2_gf_h__crop__tworoom__seed_3407
cowm_p2_gf_h__crop,tworoom,1234,50,50,100.0,cowm_p2_gf_h__crop__tworoom__seed_1234
cowm_p2_gf_h__crop,tworoom,4444,50,50,100.0,cowm_p2_gf_h__crop__tworoom__seed_4444
cowm_p2_gf_h__crop,pusht,42,48,50,96.0,cowm_p2_gf_h__crop__pusht__seed_42
cowm_p2_gf_h__crop,pusht,100,47,50,94.0,cowm_p2_gf_h__crop__pusht__seed_100
cowm_p2_gf_h__crop,pusht,2026,48,50,96.0,cowm_p2_gf_h__crop__pusht__seed_2026
cowm_p2_gf_h__crop,pusht,3407,45,50,90.0,cowm_p2_gf_h__crop__pusht__seed_3407
cowm_p2_gf_h__crop,pusht,1234,47,50,94.0,cowm_p2_gf_h__crop__pusht__seed_1234
cowm_p2_gf_h__crop,pusht,4444,45,50,90.0,cowm_p2_gf_h__crop__pusht__seed_4444
cowm_p2_gf_h__crop,reacher,42,44,50,88.0,cowm_p2_gf_h__crop__reacher__seed_42
cowm_p2_gf_h__crop,reacher,100,43,50,86.0,cowm_p2_gf_h__crop__reacher__seed_100
cowm_p2_gf_h__crop,reacher,2026,43,50,86.0,cowm_p2_gf_h__crop__reacher__seed_2026
cowm_p2_gf_h__crop,reacher,3407,43,50,86.0,cowm_p2_gf_h__crop__reacher__seed_3407
cowm_p2_gf_h__crop,reacher,1234,45,50,90.0,cowm_p2_gf_h__crop__reacher__seed_1234
cowm_p2_gf_h__crop,reacher,4444,43,50,86.0,cowm_p2_gf_h__crop__reacher__seed_4444
cowm_p2_gf_h__crop,cube,42,47,50,94.0,cowm_p2_gf_h__crop__cube__seed_42
cowm_p2_gf_h__crop,cube,100,46,50,92.0,cowm_p2_gf_h__crop__cube__seed_100
cowm_p2_gf_h__crop,cube,2026,48,50,96.0,cowm_p2_gf_h__crop__cube__seed_2026
cowm_p2_gf_h__crop,cube,3407,47,50,94.0,cowm_p2_gf_h__crop__cube__seed_3407
cowm_p2_gf_h__crop,cube,1234,43,50,86.0,cowm_p2_gf_h__crop__cube__seed_1234
cowm_p2_gf_h__crop,cube,4444,47,50,94.0,cowm_p2_gf_h__crop__cube__seed_4444
cowm_p2_po_l__crop,tworoom,42,50,50,100.0,cowm_p2_po_l__crop__tworoom__seed_42
cowm_p2_po_l__crop,tworoom,100,50,50,100.0,cowm_p2_po_l__crop__tworoom__seed_100
cowm_p2_po_l__crop,tworoom,2026,50,50,100.0,cowm_p2_po_l__crop__tworoom__seed_2026
cowm_p2_po_l__crop,tworoom,3407,50,50,100.0,cowm_p2_po_l__crop__tworoom__seed_3407
cowm_p2_po_l__crop,tworoom,1234,50,50,100.0,cowm_p2_po_l__crop__tworoom__seed_1234
cowm_p2_po_l__crop,tworoom,4444,50,50,100.0,cowm_p2_po_l__crop__tworoom__seed_4444
cowm_p2_po_l__crop,pusht,42,49,50,98.0,cowm_p2_po_l__crop__pusht__seed_42
cowm_p2_po_l__crop,pusht,100,48,50,96.0,cowm_p2_po_l__crop__pusht__seed_100
cowm_p2_po_l__crop,pusht,2026,47,50,94.0,cowm_p2_po_l__crop__pusht__seed_2026
cowm_p2_po_l__crop,pusht,3407,47,50,94.0,cowm_p2_po_l__crop__pusht__seed_3407
cowm_p2_po_l__crop,pusht,1234,48,50,96.0,cowm_p2_po_l__crop__pusht__seed_1234
cowm_p2_po_l__crop,pusht,4444,46,50,92.0,cowm_p2_po_l__crop__pusht__seed_4444
cowm_p2_po_l__crop,reacher,42,47,50,94.0,cowm_p2_po_l__crop__reacher__seed_42
cowm_p2_po_l__crop,reacher,100,40,50,80.0,cowm_p2_po_l__crop__reacher__seed_100
cowm_p2_po_l__crop,reacher,2026,47,50,94.0,cowm_p2_po_l__crop__reacher__seed_2026
cowm_p2_po_l__crop,reacher,3407,38,50,76.0,cowm_p2_po_l__crop__reacher__seed_3407
cowm_p2_po_l__crop,reacher,1234,42,50,84.0,cowm_p2_po_l__crop__reacher__seed_1234
cowm_p2_po_l__crop,reacher,4444,42,50,84.0,cowm_p2_po_l__crop__reacher__seed_4444
cowm_p2_po_l__crop,cube,42,46,50,92.0,cowm_p2_po_l__crop__cube__seed_42
cowm_p2_po_l__crop,cube,100,47,50,94.0,cowm_p2_po_l__crop__cube__seed_100
cowm_p2_po_l__crop,cube,2026,46,50,92.0,cowm_p2_po_l__crop__cube__seed_2026
cowm_p2_po_l__crop,cube,3407,49,50,98.0,cowm_p2_po_l__crop__cube__seed_3407
cowm_p2_po_l__crop,cube,1234,43,50,86.0,cowm_p2_po_l__crop__cube__seed_1234
cowm_p2_po_l__crop,cube,4444,46,50,92.0,cowm_p2_po_l__crop__cube__seed_4444
cowm_p2_po_h__crop,tworoom,42,50,50,100.0,cowm_p2_po_h__crop__tworoom__seed_42
cowm_p2_po_h__crop,tworoom,100,50,50,100.0,cowm_p2_po_h__crop__tworoom__seed_100
cowm_p2_po_h__crop,tworoom,2026,50,50,100.0,cowm_p2_po_h__crop__tworoom__seed_2026
cowm_p2_po_h__crop,tworoom,3407,50,50,100.0,cowm_p2_po_h__crop__tworoom__seed_3407
cowm_p2_po_h__crop,tworoom,1234,50,50,100.0,cowm_p2_po_h__crop__tworoom__seed_1234
cowm_p2_po_h__crop,tworoom,4444,50,50,100.0,cowm_p2_po_h__crop__tworoom__seed_4444
cowm_p2_po_h__crop,pusht,42,49,50,98.0,cowm_p2_po_h__crop__pusht__seed_42
cowm_p2_po_h__crop,pusht,100,48,50,96.0,cowm_p2_po_h__crop__pusht__seed_100
cowm_p2_po_h__crop,pusht,2026,48,50,96.0,cowm_p2_po_h__crop__pusht__seed_2026
cowm_p2_po_h__crop,pusht,3407,46,50,92.0,cowm_p2_po_h__crop__pusht__seed_3407
cowm_p2_po_h__crop,pusht,1234,48,50,96.0,cowm_p2_po_h__crop__pusht__seed_1234
cowm_p2_po_h__crop,pusht,4444,46,50,92.0,cowm_p2_po_h__crop__pusht__seed_4444
cowm_p2_po_h__crop,reacher,42,41,50,82.0,cowm_p2_po_h__crop__reacher__seed_42
cowm_p2_po_h__crop,reacher,100,43,50,86.0,cowm_p2_po_h__crop__reacher__seed_100
cowm_p2_po_h__crop,reacher,2026,45,50,90.0,cowm_p2_po_h__crop__reacher__seed_2026
cowm_p2_po_h__crop,reacher,3407,42,50,84.0,cowm_p2_po_h__crop__reacher__seed_3407
cowm_p2_po_h__crop,reacher,1234,45,50,90.0,cowm_p2_po_h__crop__reacher__seed_1234
cowm_p2_po_h__crop,reacher,4444,43,50,86.0,cowm_p2_po_h__crop__reacher__seed_4444
cowm_p2_po_h__crop,cube,42,49,50,98.0,cowm_p2_po_h__crop__cube__seed_42
cowm_p2_po_h__crop,cube,100,46,50,92.0,cowm_p2_po_h__crop__cube__seed_100
cowm_p2_po_h__crop,cube,2026,47,50,94.0,cowm_p2_po_h__crop__cube__seed_2026
cowm_p2_po_h__crop,cube,3407,48,50,96.0,cowm_p2_po_h__crop__cube__seed_3407
cowm_p2_po_h__crop,cube,1234,46,50,92.0,cowm_p2_po_h__crop__cube__seed_1234
cowm_p2_po_h__crop,cube,4444,46,50,92.0,cowm_p2_po_h__crop__cube__seed_4444
cowm_p3_gf_l__crop,tworoom,42,50,50,100.0,cowm_p3_gf_l__crop__tworoom__seed_42
cowm_p3_gf_l__crop,tworoom,100,50,50,100.0,cowm_p3_gf_l__crop__tworoom__seed_100
cowm_p3_gf_l__crop,tworoom,2026,50,50,100.0,cowm_p3_gf_l__crop__tworoom__seed_2026
cowm_p3_gf_l__crop,tworoom,3407,50,50,100.0,cowm_p3_gf_l__crop__tworoom__seed_3407
cowm_p3_gf_l__crop,tworoom,1234,50,50,100.0,cowm_p3_gf_l__crop__tworoom__seed_1234
cowm_p3_gf_l__crop,tworoom,4444,50,50,100.0,cowm_p3_gf_l__crop__tworoom__seed_4444
cowm_p3_gf_l__crop,pusht,42,50,50,100.0,cowm_p3_gf_l__crop__pusht__seed_42
cowm_p3_gf_l__crop,pusht,100,48,50,96.0,cowm_p3_gf_l__crop__pusht__seed_100
cowm_p3_gf_l__crop,pusht,2026,47,50,94.0,cowm_p3_gf_l__crop__pusht__seed_2026
cowm_p3_gf_l__crop,pusht,3407,50,50,100.0,cowm_p3_gf_l__crop__pusht__seed_3407
cowm_p3_gf_l__crop,pusht,1234,50,50,100.0,cowm_p3_gf_l__crop__pusht__seed_1234
cowm_p3_gf_l__crop,pusht,4444,49,50,98.0,cowm_p3_gf_l__crop__pusht__seed_4444
cowm_p3_gf_l__crop,reacher,42,44,50,88.0,cowm_p3_gf_l__crop__reacher__seed_42
cowm_p3_gf_l__crop,reacher,100,42,50,84.0,cowm_p3_gf_l__crop__reacher__seed_100
cowm_p3_gf_l__crop,reacher,2026,42,50,84.0,cowm_p3_gf_l__crop__reacher__seed_2026
cowm_p3_gf_l__crop,reacher,3407,45,50,90.0,cowm_p3_gf_l__crop__reacher__seed_3407
cowm_p3_gf_l__crop,reacher,1234,42,50,84.0,cowm_p3_gf_l__crop__reacher__seed_1234
cowm_p3_gf_l__crop,reacher,4444,47,50,94.0,cowm_p3_gf_l__crop__reacher__seed_4444
cowm_p3_gf_l__crop,cube,42,50,50,100.0,cowm_p3_gf_l__crop__cube__seed_42
cowm_p3_gf_l__crop,cube,100,50,50,100.0,cowm_p3_gf_l__crop__cube__seed_100
cowm_p3_gf_l__crop,cube,2026,50,50,100.0,cowm_p3_gf_l__crop__cube__seed_2026
cowm_p3_gf_l__crop,cube,3407,50,50,100.0,cowm_p3_gf_l__crop__cube__seed_3407
cowm_p3_gf_l__crop,cube,1234,49,50,98.0,cowm_p3_gf_l__crop__cube__seed_1234
cowm_p3_gf_l__crop,cube,4444,50,50,100.0,cowm_p3_gf_l__crop__cube__seed_4444
cowm_p3_gf_h__crop,tworoom,42,50,50,100.0,cowm_p3_gf_h__crop__tworoom__seed_42
cowm_p3_gf_h__crop,tworoom,100,49,50,98.0,cowm_p3_gf_h__crop__tworoom__seed_100
cowm_p3_gf_h__crop,tworoom,2026,50,50,100.0,cowm_p3_gf_h__crop__tworoom__seed_2026
cowm_p3_gf_h__crop,tworoom,3407,50,50,100.0,cowm_p3_gf_h__crop__tworoom__seed_3407
cowm_p3_gf_h__crop,tworoom,1234,50,50,100.0,cowm_p3_gf_h__crop__tworoom__seed_1234
cowm_p3_gf_h__crop,tworoom,4444,50,50,100.0,cowm_p3_gf_h__crop__tworoom__seed_4444
cowm_p3_gf_h__crop,pusht,42,48,50,96.0,cowm_p3_gf_h__crop__pusht__seed_42
cowm_p3_gf_h__crop,pusht,100,47,50,94.0,cowm_p3_gf_h__crop__pusht__seed_100
cowm_p3_gf_h__crop,pusht,2026,48,50,96.0,cowm_p3_gf_h__crop__pusht__seed_2026
cowm_p3_gf_h__crop,pusht,3407,48,50,96.0,cowm_p3_gf_h__crop__pusht__seed_3407
cowm_p3_gf_h__crop,pusht,1234,50,50,100.0,cowm_p3_gf_h__crop__pusht__seed_1234
cowm_p3_gf_h__crop,pusht,4444,49,50,98.0,cowm_p3_gf_h__crop__pusht__seed_4444
cowm_p3_gf_h__crop,reacher,42,44,50,88.0,cowm_p3_gf_h__crop__reacher__seed_42
cowm_p3_gf_h__crop,reacher,100,45,50,90.0,cowm_p3_gf_h__crop__reacher__seed_100
cowm_p3_gf_h__crop,reacher,2026,40,50,80.0,cowm_p3_gf_h__crop__reacher__seed_2026
cowm_p3_gf_h__crop,reacher,3407,42,50,84.0,cowm_p3_gf_h__crop__reacher__seed_3407
cowm_p3_gf_h__crop,reacher,1234,46,50,92.0,cowm_p3_gf_h__crop__reacher__seed_1234
cowm_p3_gf_h__crop,reacher,4444,41,50,82.0,cowm_p3_gf_h__crop__reacher__seed_4444
cowm_p3_gf_h__crop,cube,42,50,50,100.0,cowm_p3_gf_h__crop__cube__seed_42
cowm_p3_gf_h__crop,cube,100,50,50,100.0,cowm_p3_gf_h__crop__cube__seed_100
cowm_p3_gf_h__crop,cube,2026,50,50,100.0,cowm_p3_gf_h__crop__cube__seed_2026
cowm_p3_gf_h__crop,cube,3407,50,50,100.0,cowm_p3_gf_h__crop__cube__seed_3407
cowm_p3_gf_h__crop,cube,1234,49,50,98.0,cowm_p3_gf_h__crop__cube__seed_1234
cowm_p3_gf_h__crop,cube,4444,50,50,100.0,cowm_p3_gf_h__crop__cube__seed_4444
cowm_p3_po_l__crop,tworoom,42,50,50,100.0,cowm_p3_po_l__crop__tworoom__seed_42
cowm_p3_po_l__crop,tworoom,100,50,50,100.0,cowm_p3_po_l__crop__tworoom__seed_100
cowm_p3_po_l__crop,tworoom,2026,50,50,100.0,cowm_p3_po_l__crop__tworoom__seed_2026
cowm_p3_po_l__crop,tworoom,3407,50,50,100.0,cowm_p3_po_l__crop__tworoom__seed_3407
cowm_p3_po_l__crop,tworoom,1234,50,50,100.0,cowm_p3_po_l__crop__tworoom__seed_1234
cowm_p3_po_l__crop,tworoom,4444,50,50,100.0,cowm_p3_po_l__crop__tworoom__seed_4444
cowm_p3_po_l__crop,pusht,42,50,50,100.0,cowm_p3_po_l__crop__pusht__seed_42
cowm_p3_po_l__crop,pusht,100,47,50,94.0,cowm_p3_po_l__crop__pusht__seed_100
cowm_p3_po_l__crop,pusht,2026,48,50,96.0,cowm_p3_po_l__crop__pusht__seed_2026
cowm_p3_po_l__crop,pusht,3407,50,50,100.0,cowm_p3_po_l__crop__pusht__seed_3407
cowm_p3_po_l__crop,pusht,1234,49,50,98.0,cowm_p3_po_l__crop__pusht__seed_1234
cowm_p3_po_l__crop,pusht,4444,49,50,98.0,cowm_p3_po_l__crop__pusht__seed_4444
cowm_p3_po_l__crop,reacher,42,41,50,82.0,cowm_p3_po_l__crop__reacher__seed_42
cowm_p3_po_l__crop,reacher,100,45,50,90.0,cowm_p3_po_l__crop__reacher__seed_100
cowm_p3_po_l__crop,reacher,2026,44,50,88.0,cowm_p3_po_l__crop__reacher__seed_2026
cowm_p3_po_l__crop,reacher,3407,44,50,88.0,cowm_p3_po_l__crop__reacher__seed_3407
cowm_p3_po_l__crop,reacher,1234,46,50,92.0,cowm_p3_po_l__crop__reacher__seed_1234
cowm_p3_po_l__crop,reacher,4444,45,50,90.0,cowm_p3_po_l__crop__reacher__seed_4444
cowm_p3_po_l__crop,cube,42,50,50,100.0,cowm_p3_po_l__crop__cube__seed_42
cowm_p3_po_l__crop,cube,100,50,50,100.0,cowm_p3_po_l__crop__cube__seed_100
cowm_p3_po_l__crop,cube,2026,50,50,100.0,cowm_p3_po_l__crop__cube__seed_2026
cowm_p3_po_l__crop,cube,3407,50,50,100.0,cowm_p3_po_l__crop__cube__seed_3407
cowm_p3_po_l__crop,cube,1234,49,50,98.0,cowm_p3_po_l__crop__cube__seed_1234
cowm_p3_po_l__crop,cube,4444,50,50,100.0,cowm_p3_po_l__crop__cube__seed_4444
cowm_p3_po_h__crop,tworoom,42,50,50,100.0,cowm_p3_po_h__crop__tworoom__seed_42
cowm_p3_po_h__crop,tworoom,100,49,50,98.0,cowm_p3_po_h__crop__tworoom__seed_100
cowm_p3_po_h__crop,tworoom,2026,50,50,100.0,cowm_p3_po_h__crop__tworoom__seed_2026
cowm_p3_po_h__crop,tworoom,3407,50,50,100.0,cowm_p3_po_h__crop__tworoom__seed_3407
cowm_p3_po_h__crop,tworoom,1234,50,50,100.0,cowm_p3_po_h__crop__tworoom__seed_1234
cowm_p3_po_h__crop,tworoom,4444,50,50,100.0,cowm_p3_po_h__crop__tworoom__seed_4444
cowm_p3_po_h__crop,pusht,42,50,50,100.0,cowm_p3_po_h__crop__pusht__seed_42
cowm_p3_po_h__crop,pusht,100,46,50,92.0,cowm_p3_po_h__crop__pusht__seed_100
cowm_p3_po_h__crop,pusht,2026,47,50,94.0,cowm_p3_po_h__crop__pusht__seed_2026
cowm_p3_po_h__crop,pusht,3407,49,50,98.0,cowm_p3_po_h__crop__pusht__seed_3407
cowm_p3_po_h__crop,pusht,1234,50,50,100.0,cowm_p3_po_h__crop__pusht__seed_1234
cowm_p3_po_h__crop,pusht,4444,49,50,98.0,cowm_p3_po_h__crop__pusht__seed_4444
cowm_p3_po_h__crop,reacher,42,45,50,90.0,cowm_p3_po_h__crop__reacher__seed_42
cowm_p3_po_h__crop,reacher,100,46,50,92.0,cowm_p3_po_h__crop__reacher__seed_100
cowm_p3_po_h__crop,reacher,2026,45,50,90.0,cowm_p3_po_h__crop__reacher__seed_2026
cowm_p3_po_h__crop,reacher,3407,41,50,82.0,cowm_p3_po_h__crop__reacher__seed_3407
cowm_p3_po_h__crop,reacher,1234,46,50,92.0,cowm_p3_po_h__crop__reacher__seed_1234
cowm_p3_po_h__crop,reacher,4444,44,50,88.0,cowm_p3_po_h__crop__reacher__seed_4444
cowm_p3_po_h__crop,cube,42,50,50,100.0,cowm_p3_po_h__crop__cube__seed_42
cowm_p3_po_h__crop,cube,100,50,50,100.0,cowm_p3_po_h__crop__cube__seed_100
cowm_p3_po_h__crop,cube,2026,50,50,100.0,cowm_p3_po_h__crop__cube__seed_2026
cowm_p3_po_h__crop,cube,3407,50,50,100.0,cowm_p3_po_h__crop__cube__seed_3407
cowm_p3_po_h__crop,cube,1234,49,50,98.0,cowm_p3_po_h__crop__cube__seed_1234
cowm_p3_po_h__crop,cube,4444,50,50,100.0,cowm_p3_po_h__crop__cube__seed_4444
cowm_p3_po_refine_l__crop,tworoom,42,50,50,100.0,cowm_p3_po_refine_l__crop__tworoom__seed_42
cowm_p3_po_refine_l__crop,tworoom,100,50,50,100.0,cowm_p3_po_refine_l__crop__tworoom__seed_100
cowm_p3_po_refine_l__crop,tworoom,2026,50,50,100.0,cowm_p3_po_refine_l__crop__tworoom__seed_2026
cowm_p3_po_refine_l__crop,tworoom,3407,50,50,100.0,cowm_p3_po_refine_l__crop__tworoom__seed_3407
cowm_p3_po_refine_l__crop,tworoom,1234,50,50,100.0,cowm_p3_po_refine_l__crop__tworoom__seed_1234
cowm_p3_po_refine_l__crop,tworoom,4444,50,50,100.0,cowm_p3_po_refine_l__crop__tworoom__seed_4444
cowm_p3_po_refine_l__crop,pusht,42,49,50,98.0,cowm_p3_po_refine_l__crop__pusht__seed_42
cowm_p3_po_refine_l__crop,pusht,100,48,50,96.0,cowm_p3_po_refine_l__crop__pusht__seed_100
cowm_p3_po_refine_l__crop,pusht,2026,48,50,96.0,cowm_p3_po_refine_l__crop__pusht__seed_2026
cowm_p3_po_refine_l__crop,pusht,3407,49,50,98.0,cowm_p3_po_refine_l__crop__pusht__seed_3407
cowm_p3_po_refine_l__crop,pusht,1234,49,50,98.0,cowm_p3_po_refine_l__crop__pusht__seed_1234
cowm_p3_po_refine_l__crop,pusht,4444,49,50,98.0,cowm_p3_po_refine_l__crop__pusht__seed_4444
cowm_p3_po_refine_l__crop,reacher,42,45,50,90.0,cowm_p3_po_refine_l__crop__reacher__seed_42
cowm_p3_po_refine_l__crop,reacher,100,47,50,94.0,cowm_p3_po_refine_l__crop__reacher__seed_100
cowm_p3_po_refine_l__crop,reacher,2026,42,50,84.0,cowm_p3_po_refine_l__crop__reacher__seed_2026
cowm_p3_po_refine_l__crop,reacher,3407,43,50,86.0,cowm_p3_po_refine_l__crop__reacher__seed_3407
cowm_p3_po_refine_l__crop,reacher,1234,45,50,90.0,cowm_p3_po_refine_l__crop__reacher__seed_1234
cowm_p3_po_refine_l__crop,reacher,4444,39,50,78.0,cowm_p3_po_refine_l__crop__reacher__seed_4444
cowm_p3_po_refine_l__crop,cube,42,50,50,100.0,cowm_p3_po_refine_l__crop__cube__seed_42
cowm_p3_po_refine_l__crop,cube,100,50,50,100.0,cowm_p3_po_refine_l__crop__cube__seed_100
cowm_p3_po_refine_l__crop,cube,2026,50,50,100.0,cowm_p3_po_refine_l__crop__cube__seed_2026
cowm_p3_po_refine_l__crop,cube,3407,50,50,100.0,cowm_p3_po_refine_l__crop__cube__seed_3407
cowm_p3_po_refine_l__crop,cube,1234,49,50,98.0,cowm_p3_po_refine_l__crop__cube__seed_1234
cowm_p3_po_refine_l__crop,cube,4444,50,50,100.0,cowm_p3_po_refine_l__crop__cube__seed_4444
cowm_p3_po_refine_h__crop,tworoom,42,49,50,98.0,cowm_p3_po_refine_h__crop__tworoom__seed_42
cowm_p3_po_refine_h__crop,tworoom,100,49,50,98.0,cowm_p3_po_refine_h__crop__tworoom__seed_100
cowm_p3_po_refine_h__crop,tworoom,2026,50,50,100.0,cowm_p3_po_refine_h__crop__tworoom__seed_2026
cowm_p3_po_refine_h__crop,tworoom,3407,50,50,100.0,cowm_p3_po_refine_h__crop__tworoom__seed_3407
cowm_p3_po_refine_h__crop,tworoom,1234,50,50,100.0,cowm_p3_po_refine_h__crop__tworoom__seed_1234
cowm_p3_po_refine_h__crop,tworoom,4444,50,50,100.0,cowm_p3_po_refine_h__crop__tworoom__seed_4444
cowm_p3_po_refine_h__crop,pusht,42,49,50,98.0,cowm_p3_po_refine_h__crop__pusht__seed_42
cowm_p3_po_refine_h__crop,pusht,100,47,50,94.0,cowm_p3_po_refine_h__crop__pusht__seed_100
cowm_p3_po_refine_h__crop,pusht,2026,47,50,94.0,cowm_p3_po_refine_h__crop__pusht__seed_2026
cowm_p3_po_refine_h__crop,pusht,3407,49,50,98.0,cowm_p3_po_refine_h__crop__pusht__seed_3407
cowm_p3_po_refine_h__crop,pusht,1234,50,50,100.0,cowm_p3_po_refine_h__crop__pusht__seed_1234
cowm_p3_po_refine_h__crop,pusht,4444,49,50,98.0,cowm_p3_po_refine_h__crop__pusht__seed_4444
cowm_p3_po_refine_h__crop,reacher,42,46,50,92.0,cowm_p3_po_refine_h__crop__reacher__seed_42
cowm_p3_po_refine_h__crop,reacher,100,43,50,86.0,cowm_p3_po_refine_h__crop__reacher__seed_100
cowm_p3_po_refine_h__crop,reacher,2026,45,50,90.0,cowm_p3_po_refine_h__crop__reacher__seed_2026
cowm_p3_po_refine_h__crop,reacher,3407,43,50,86.0,cowm_p3_po_refine_h__crop__reacher__seed_3407
cowm_p3_po_refine_h__crop,reacher,1234,46,50,92.0,cowm_p3_po_refine_h__crop__reacher__seed_1234
cowm_p3_po_refine_h__crop,reacher,4444,44,50,88.0,cowm_p3_po_refine_h__crop__reacher__seed_4444
cowm_p3_po_refine_h__crop,cube,42,50,50,100.0,cowm_p3_po_refine_h__crop__cube__seed_42
cowm_p3_po_refine_h__crop,cube,100,50,50,100.0,cowm_p3_po_refine_h__crop__cube__seed_100
cowm_p3_po_refine_h__crop,cube,2026,50,50,100.0,cowm_p3_po_refine_h__crop__cube__seed_2026
cowm_p3_po_refine_h__crop,cube,3407,50,50,100.0,cowm_p3_po_refine_h__crop__cube__seed_3407
cowm_p3_po_refine_h__crop,cube,1234,49,50,98.0,cowm_p3_po_refine_h__crop__cube__seed_1234
cowm_p3_po_refine_h__crop,cube,4444,50,50,100.0,cowm_p3_po_refine_h__crop__cube__seed_4444
cowm_selection_dagger__main,reacher,42,50,50,100.0,cowm_selection_dagger__main__reacher__seed_42
cowm_selection_dagger__main,reacher,100,50,50,100.0,cowm_selection_dagger__main__reacher__seed_100
cowm_selection_dagger__main,reacher,2026,50,50,100.0,cowm_selection_dagger__main__reacher__seed_2026
cowm_selection_dagger__main,reacher,3407,50,50,100.0,cowm_selection_dagger__main__reacher__seed_3407
cowm_selection_dagger__main,reacher,1234,50,50,100.0,cowm_selection_dagger__main__reacher__seed_1234
cowm_selection_dagger__main,reacher,4444,50,50,100.0,cowm_selection_dagger__main__reacher__seed_4444
cowm_selection_dagger__crop,reacher,42,50,50,100.0,cowm_selection_dagger__crop__reacher__seed_42
cowm_selection_dagger__crop,reacher,100,50,50,100.0,cowm_selection_dagger__crop__reacher__seed_100
cowm_selection_dagger__crop,reacher,2026,50,50,100.0,cowm_selection_dagger__crop__reacher__seed_2026
cowm_selection_dagger__crop,reacher,3407,50,50,100.0,cowm_selection_dagger__crop__reacher__seed_3407
cowm_selection_dagger__crop,reacher,1234,50,50,100.0,cowm_selection_dagger__crop__reacher__seed_1234
cowm_selection_dagger__crop,reacher,4444,50,50,100.0,cowm_selection_dagger__crop__reacher__seed_4444
