method_id,task,mean_ms,p50_ms,p95_ms,measurement_count,unique_states,loaded_model_baseline_vram_mib,planning_peak_vram_mib
cowm_p0__crop,cube,30.845126,14.405717,72.671769,250,50,763.478,770.422
cowm_p0__crop,pusht,18.646081,13.795143,71.559685,250,50,291.697,298.623
cowm_p0__crop,reacher,27.703815,16.573409,73.908548,250,50,528.133,535.189
cowm_p0__crop,tworoom,16.355250,13.906014,14.771370,250,50,56.886,63.713
cowm_p0__main,cube,31.938993,17.064844,74.428127,250,50,763.478,770.422
cowm_p0__main,pusht,25.729218,13.452938,72.087095,250,50,291.697,298.623
cowm_p0__main,reacher,27.781388,13.711663,72.749225,250,50,528.133,535.189
cowm_p0__main,tworoom,14.309804,13.389270,16.904425,250,50,48.761,55.588
cowm_p0_gf_h__crop,cube,230.174053,242.765428,263.500896,250,50,763.478,770.422
cowm_p0_gf_h__crop,pusht,211.729810,217.039885,255.879030,250,50,291.697,298.623
cowm_p0_gf_h__crop,reacher,208.969807,213.848862,250.285744,250,50,528.133,535.189
cowm_p0_gf_h__crop,tworoom,222.306798,236.831015,255.048216,250,50,56.886,63.713
cowm_p0_gf_h__main,cube,186.356507,175.322905,233.728518,250,50,763.478,770.422
cowm_p0_gf_h__main,pusht,208.670083,218.065681,257.656743,250,50,291.697,298.623
cowm_p0_gf_h__main,reacher,181.141276,195.776551,228.378456,250,50,528.133,535.189
cowm_p0_gf_h__main,tworoom,161.405202,158.991204,202.920138,250,50,56.886,63.713
cowm_p0_gf_l__crop,cube,63.357731,53.997304,111.611572,250,50,763.478,770.422
cowm_p0_gf_l__crop,pusht,58.472928,45.027158,111.080230,250,50,291.697,298.623
cowm_p0_gf_l__crop,reacher,67.745573,52.998527,111.535168,250,50,528.133,535.189
cowm_p0_gf_l__crop,tworoom,54.302973,45.317001,103.673622,250,50,56.886,63.713
cowm_p0_gf_l__main,cube,52.629422,49.402571,106.941085,250,50,763.478,770.422
cowm_p0_gf_l__main,pusht,74.646675,91.480804,105.908070,250,50,291.697,298.623
cowm_p0_gf_l__main,reacher,53.977097,41.006564,99.195463,250,50,528.133,535.189
cowm_p0_gf_l__main,tworoom,53.893038,49.496975,106.906394,250,50,56.886,63.713
cowm_p0_po_h__crop,cube,78.552317,64.794686,122.013734,250,50,763.478,770.422
cowm_p0_po_h__crop,pusht,67.350326,53.789118,112.028429,250,50,291.697,298.623
cowm_p0_po_h__crop,reacher,59.428415,52.410391,108.297803,250,50,528.133,535.189
cowm_p0_po_h__crop,tworoom,88.275999,81.042088,122.929203,250,50,56.886,63.713
cowm_p0_po_h__main,cube,57.719834,49.844249,107.241572,250,50,763.478,770.422
cowm_p0_po_h__main,pusht,74.190348,57.908625,117.348291,250,50,291.697,298.623
cowm_p0_po_h__main,reacher,62.980596,49.103236,108.407256,250,50,528.133,535.189
cowm_p0_po_h__main,tworoom,67.881786,61.543752,117.914961,250,50,56.886,63.713
cowm_p0_po_l__crop,cube,41.725882,37.175429,91.911237,250,50,763.478,770.422
cowm_p0_po_l__crop,pusht,40.318912,28.225846,86.734799,250,50,291.697,298.623
cowm_p0_po_l__crop,reacher,37.930249,29.898559,86.960898,250,50,528.133,535.189
cowm_p0_po_l__crop,tworoom,57.115728,37.776157,95.430422,250,50,56.886,63.713
cowm_p0_po_l__main,cube,42.449636,29.458853,87.633504,250,50,763.478,770.422
cowm_p0_po_l__main,pusht,55.861129,38.246099,91.958329,250,50,291.697,298.623
cowm_p0_po_l__main,reacher,48.188776,32.717161,88.707967,250,50,528.133,535.189
cowm_p0_po_l__main,tworoom,34.426847,30.151916,69.394258,250,50,56.886,63.713
cowm_p1__crop,cube,127.275319,126.881950,129.311183,250,50,763.479,796.926
cowm_p1__crop,pusht,138.762660,125.912856,194.402736,250,50,291.698,324.674
cowm_p1__crop,reacher,128.292510,116.475790,145.589125,250,50,528.134,561.779
cowm_p1__crop,tworoom,126.156117,124.467876,156.108669,250,50,56.887,90.949
cowm_p1__main,cube,109.598367,106.934307,114.367706,250,50,763.479,796.926
cowm_p1__main,pusht,115.661139,103.968415,172.550435,250,50,291.698,324.674
cowm_p1__main,reacher,131.496198,106.037736,194.263757,250,50,528.134,561.779
cowm_p1__main,tworoom,110.748387,103.841157,132.159293,250,50,48.762,82.824
cowm_p2__crop,cube,129.254024,125.698341,156.380837,250,50,763.479,796.926
cowm_p2__crop,pusht,138.396407,124.151496,195.065043,250,50,291.698,324.674
cowm_p2__crop,reacher,129.635241,122.496581,190.274889,250,50,528.134,561.779
cowm_p2__crop,tworoom,143.628047,131.322651,200.316596,250,50,56.887,90.949
cowm_p2__main,cube,118.153292,113.014897,177.038394,250,50,763.479,796.926
cowm_p2__main,pusht,121.886616,110.786090,179.475792,250,50,291.698,324.674
cowm_p2__main,reacher,130.136664,112.658603,180.319514,250,50,528.134,561.779
cowm_p2__main,tworoom,119.727344,118.050452,149.990275,250,50,48.762,82.824
cowm_p2_gf_h__crop,cube,324.646727,320.298149,404.094338,250,50,763.479,796.926
cowm_p2_gf_h__crop,pusht,305.534864,296.677346,379.170176,250,50,291.698,324.674
cowm_p2_gf_h__crop,reacher,291.176913,270.399161,351.401665,250,50,528.134,561.779
cowm_p2_gf_h__crop,tworoom,341.704039,336.795746,398.655122,250,50,56.887,90.949
cowm_p2_gf_h__main,cube,285.500706,270.698466,335.178600,250,50,763.479,796.926
cowm_p2_gf_h__main,pusht,296.670549,304.326141,358.754256,250,50,291.698,324.674
cowm_p2_gf_h__main,reacher,286.566109,267.980926,337.928910,250,50,528.134,561.779
cowm_p2_gf_h__main,tworoom,264.656190,250.785018,319.251486,250,50,56.887,90.949
cowm_p2_gf_l__crop,cube,182.814756,193.739958,230.075991,250,50,763.479,796.926
cowm_p2_gf_l__crop,pusht,169.884514,156.631307,226.279746,250,50,291.698,324.674
cowm_p2_gf_l__crop,reacher,187.513581,190.128914,227.064689,250,50,528.134,561.779
cowm_p2_gf_l__crop,tworoom,205.920400,191.970418,261.139048,250,50,56.887,90.949
cowm_p2_gf_l__main,cube,182.030142,181.530630,191.716860,250,50,763.479,796.926
cowm_p2_gf_l__main,pusht,182.792274,175.073044,248.123104,250,50,291.698,324.674
cowm_p2_gf_l__main,reacher,157.961321,146.157573,214.987160,250,50,528.134,561.779
cowm_p2_gf_l__main,tworoom,160.221872,169.948839,184.539832,250,50,56.887,90.949
cowm_p2_po_h__crop,cube,178.354622,167.483640,236.459383,250,50,763.479,796.926
cowm_p2_po_h__crop,pusht,185.055909,168.862399,242.991952,250,50,291.698,324.674
cowm_p2_po_h__crop,reacher,169.462648,164.464713,199.972064,250,50,528.134,561.779
cowm_p2_po_h__crop,tworoom,180.889763,162.802326,232.445819,250,50,56.887,90.949
cowm_p2_po_h__main,cube,156.147422,155.318844,159.412741,250,50,763.479,796.926
cowm_p2_po_h__main,pusht,165.920041,148.091223,216.470565,250,50,291.698,324.674
cowm_p2_po_h__main,reacher,153.621158,148.964086,184.829912,250,50,528.134,561.779
cowm_p2_po_h__main,tworoom,175.238941,161.133891,248.940962,250,50,56.887,90.949
cowm_p2_po_l__crop,cube,160.902833,146.706699,213.669381,250,50,763.479,796.926
cowm_p2_po_l__crop,pusht,164.945863,151.089348,222.434043,250,50,291.698,324.674
cowm_p2_po_l__crop,reacher,164.315990,173.217799,178.808154,250,50,528.134,561.779
cowm_p2_po_l__crop,tworoom,161.206449,143.944191,214.536995,250,50,56.887,90.949
cowm_p2_po_l__main,cube,144.729306,139.895883,166.549223,250,50,763.479,796.926
cowm_p2_po_l__main,pusht,151.469250,130.596009,198.768456,250,50,291.698,324.674
cowm_p2_po_l__main,reacher,135.621300,129.074936,194.905890,250,50,528.134,561.779
cowm_p2_po_l__main,tworoom,130.061918,126.913522,149.554995,250,50,56.887,90.949
cowm_p3__crop,cube,30.717089,22.483112,79.995635,250,50,763.479,771.233
cowm_p3__crop,pusht,30.554435,18.305673,79.192230,250,50,291.698,299.397
cowm_p3__crop,reacher,25.637034,21.333766,75.287259,250,50,528.134,535.838
cowm_p3__crop,tworoom,30.730905,21.565912,78.897453,250,50,56.887,64.589
cowm_p3__main,cube,21.799950,17.548342,72.536388,250,50,763.479,771.203
cowm_p3__main,pusht,30.256052,17.306434,76.844641,250,50,291.698,299.385
cowm_p3__main,reacher,43.725099,27.732769,77.460167,250,50,528.134,535.826
cowm_p3__main,tworoom,23.731515,18.124681,44.111958,250,50,48.762,56.452
cowm_p3_gf_h__crop,cube,245.139234,263.043457,275.481280,250,50,763.479,826.769
cowm_p3_gf_h__crop,pusht,221.958790,228.813741,270.524406,250,50,291.698,355.647
cowm_p3_gf_h__crop,reacher,231.703562,235.249769,271.077561,250,50,528.134,591.307
cowm_p3_gf_h__crop,tworoom,238.198782,254.163912,268.285898,250,50,56.887,120.245
cowm_p3_gf_h__main,cube,247.206619,266.220336,276.314263,250,50,763.479,826.769
cowm_p3_gf_h__main,pusht,201.667180,206.448768,264.309474,250,50,291.698,355.647
cowm_p3_gf_h__main,reacher,237.747544,253.527464,269.803492,250,50,528.134,591.307
cowm_p3_gf_h__main,tworoom,206.961907,203.562226,265.149611,250,50,56.887,120.245
cowm_p3_gf_l__crop,cube,57.439547,50.404743,108.716382,250,50,763.479,826.677
cowm_p3_gf_l__crop,pusht,57.226908,46.630287,107.649993,250,50,291.698,355.610
cowm_p3_gf_l__crop,reacher,55.580283,48.999063,106.297792,250,50,528.134,591.270
cowm_p3_gf_l__crop,tworoom,70.193945,49.685355,107.945881,250,50,56.887,120.208
cowm_p3_gf_l__main,cube,75.048867,63.101684,121.299383,250,50,763.479,826.677
cowm_p3_gf_l__main,pusht,64.794933,46.200808,106.321584,250,50,291.698,355.610
cowm_p3_gf_l__main,reacher,63.397018,58.327692,113.005201,250,50,528.134,591.270
cowm_p3_gf_l__main,tworoom,62.736094,59.914162,106.292923,250,50,56.887,120.208
cowm_p3_po_h__crop,cube,85.708239,71.253681,129.395029,250,50,763.479,804.169
cowm_p3_po_h__crop,pusht,74.666957,62.752507,124.936100,250,50,291.698,332.277
cowm_p3_po_h__crop,reacher,86.749168,69.024363,126.867037,250,50,528.134,569.046
cowm_p3_po_h__crop,tworoom,83.733923,68.091911,124.967723,250,50,56.887,97.852
cowm_p3_po_h__main,cube,68.594290,57.049490,114.280691,250,50,763.479,804.169
cowm_p3_po_h__main,pusht,67.861518,55.134654,114.798583,250,50,291.698,332.277
cowm_p3_po_h__main,reacher,68.215139,57.934015,116.749327,250,50,528.134,569.046
cowm_p3_po_h__main,tworoom,64.155563,59.679477,89.131928,250,50,56.887,97.852
cowm_p3_po_l__crop,cube,44.693916,35.048863,92.686894,250,50,763.479,804.169
cowm_p3_po_l__crop,pusht,44.960186,33.585539,93.449879,250,50,291.698,332.277
cowm_p3_po_l__crop,reacher,49.252169,40.640625,97.863465,250,50,528.134,569.046
cowm_p3_po_l__crop,tworoom,59.802853,41.835442,100.421734,250,50,56.887,97.852
cowm_p3_po_l__main,cube,68.196882,44.662783,103.527035,250,50,763.479,804.169
cowm_p3_po_l__main,pusht,53.578149,40.083772,97.216449,250,50,291.698,332.277
cowm_p3_po_l__main,reacher,51.531904,40.795690,97.828654,250,50,528.134,569.046
cowm_p3_po_l__main,tworoom,41.554688,34.558838,91.869195,250,50,56.887,97.852
cowm_p3_po_refine_h__crop,cube,76.460295,68.813577,127.452608,250,50,763.479,771.233
cowm_p3_po_refine_h__crop,pusht,70.077462,59.934003,119.871635,250,50,291.698,299.397
cowm_p3_po_refine_h__crop,reacher,78.213816,66.965453,126.138453,250,50,528.134,535.838
cowm_p3_po_refine_h__crop,tworoom,81.829335,65.071447,123.450483,250,50,56.887,64.589
cowm_p3_po_refine_h__main,cube,71.515400,62.251896,122.827323,250,50,763.479,771.203
cowm_p3_po_refine_h__main,pusht,68.942263,54.297886,113.747263,250,50,291.698,299.385
cowm_p3_po_refine_h__main,reacher,78.830572,65.527995,125.307226,250,50,528.134,535.826
cowm_p3_po_refine_h__main,tworoom,72.425059,63.774268,123.113436,250,50,56.887,64.577
cowm_p3_po_refine_l__crop,cube,52.374118,41.869900,99.333475,250,50,763.479,771.233
cowm_p3_po_refine_l__crop,pusht,42.783061,33.500905,91.536328,250,50,291.698,299.397
cowm_p3_po_refine_l__crop,reacher,43.636044,41.367019,43.923280,250,50,528.134,535.838
cowm_p3_po_refine_l__crop,tworoom,50.919839,36.195448,94.728248,250,50,56.887,64.589
cowm_p3_po_refine_l__main,cube,57.862430,41.340284,98.111033,250,50,763.479,771.203
cowm_p3_po_refine_l__main,pusht,47.292885,34.600601,94.151639,250,50,291.698,299.385
cowm_p3_po_refine_l__main,reacher,54.411351,41.108912,98.741398,250,50,528.134,535.826
cowm_p3_po_refine_l__main,tworoom,40.549634,34.603493,91.627339,250,50,56.887,64.577
cowm_selection_dagger__crop,reacher,41.794480,18.141390,76.568307,250,50,958.809,966.513
cowm_selection_dagger__main,reacher,42.332802,22.198147,76.179866,250,50,958.809,966.501
