method,label,task,batch_size,throughput_per_second,p50_ms,interference_observed,host_pressure_observed,eligible_for_speedup_claim
p0_gf2_s2,P0+GF,cube,50,320.22411864082517,150.83453599982022,False,False,True
p0_po2_s2,P0+PO,cube,50,359.11394658757587,133.9410005002719,False,False,True
p0_s2,P0,cube,50,380.319555754446,140.74016499944264,False,False,True
p1_cem_300x30,P1 CEM,cube,50,7.197313325015064,6944.237615999555,False,False,True
p2_cem_300x30,P2 CEM,cube,50,7.410899444569068,6738.12748599903,False,False,True
p2_small_64x5,P2-small,cube,50,39.3042338198528,1273.5355625009106,False,False,True
p3_po5_s2,P3+PO,cube,50,67.92016668162238,702.7673005004544,False,False,True
p3_s2,P3,cube,50,160.34416579614725,313.294186499661,False,False,True
random64_s2,Random-64,cube,50,293.0867960423074,167.48335549982585,False,False,True
p0_gf2_s2,P0+GF,pusht,50,333.6959603776877,153.8252789996477,False,False,True
p0_po2_s2,P0+PO,pusht,50,428.23340334227885,116.4416554993295,False,False,True
p0_s2,P0,pusht,50,398.17600388931896,126.62458050090208,False,False,True
p1_cem_300x30,P1 CEM,pusht,50,7.3676531803529,6784.770607499013,False,False,True
p2_cem_300x30,P2 CEM,pusht,50,7.622222839212495,6558.772600000339,False,False,True
p2_small_64x5,P2-small,pusht,50,40.75691422121513,1225.4924695007503,False,False,True
p3_po5_s2,P3+PO,pusht,50,87.90402509677429,552.8875469999548,False,False,True
p3_s2,P3,pusht,50,161.07195059304985,309.8667585009025,False,False,True
random64_s2,Random-64,pusht,50,291.61109725125067,171.64397750002536,False,False,True
p0_gf2_s2,P0+GF,reacher,50,307.2735903009702,157.05338399948232,False,False,True
p0_po2_s2,P0+PO,reacher,50,319.80498273739363,155.3280364996681,False,False,True
p0_s2,P0,reacher,50,393.90617982300074,123.75995250022243,False,False,True
p1_cem_300x30,P1 CEM,reacher,50,7.5052915224267105,6666.2006785009,False,False,True
p2_cem_300x30,P2 CEM,reacher,50,7.639550666359474,6522.759714000131,False,False,True
p2_small_64x5,P2-small,reacher,50,39.88382525662739,1239.0238594998664,False,False,True
p3_po5_s2,P3+PO,reacher,50,71.9353133287381,689.3490524998924,False,False,True
p3_s2,P3,reacher,50,156.67002267598087,309.10277899965877,False,False,True
random64_s2,Random-64,reacher,50,276.28048679237185,180.6155510003009,False,False,True
p0_gf2_s2,P0+GF,tworoom,50,320.4430530762416,155.66764350023732,False,False,True
p0_po2_s2,P0+PO,tworoom,50,357.82081297849254,139.52870950015495,False,False,True
p0_s2,P0,tworoom,50,375.12741615333147,133.1372859995099,False,False,True
p1_cem_300x30,P1 CEM,tworoom,50,7.341726985623969,6809.033610999904,False,False,True
p2_cem_300x30,P2 CEM,tworoom,50,7.634837204265193,6546.415956499914,False,False,True
p2_small_64x5,P2-small,tworoom,50,40.3193524775038,1237.7526299997044,False,False,True
p3_po5_s2,P3+PO,tworoom,50,76.503395675524,608.6559984996711,False,False,True
p3_s2,P3,tworoom,50,154.40013292422552,327.83231450048333,False,False,True
random64_s2,Random-64,tworoom,50,275.50243318125484,187.92789850067493,False,False,True
