task,n,selector,metric,estimate,ci95_low,ci95_high,states,candidate_coverage_mean,candidate_coverage_min
pusht,1,b,success_by_25,0.1836734693877551,0.08163265306122448,0.30612244897959184,49,1.0,1.0
pusht,1,random_uniform,success_by_25,0.1836734693877551,0.08163265306122448,0.30612244897959184,49,1.0,1.0
pusht,1,latent_oracle,success_by_25,0.1836734693877551,0.08163265306122448,0.30612244897959184,49,1.0,1.0
pusht,1,physical_oracle,success_by_25,0.1836734693877551,0.08163265306122448,0.30612244897959184,49,1.0,1.0
pusht,1,b,distance_at_25,94.75709688274323,81.25550565497201,108.4345205705512,49,1.0,1.0
pusht,1,random_uniform,distance_at_25,94.75709688274323,81.2220000602751,108.14641398647623,49,1.0,1.0
pusht,1,latent_oracle,distance_at_25,94.75709688274323,81.44393576858339,108.68111907498158,49,1.0,1.0
pusht,1,physical_oracle,distance_at_25,94.75709688274323,81.43714147157418,108.3421009635798,49,1.0,1.0
pusht,1,b_minus_random,success_by_25,0.0,0.0,0.0,49,1.0,1.0
pusht,1,random_minus_b,distance_at_25_improvement,0.0,0.0,0.0,49,1.0,1.0
pusht,1,b,physical_distance_regret,0.0,0.0,0.0,49,1.0,1.0
pusht,1,b,true_latent_cost_regret,0.0,0.0,0.0,49,1.0,1.0
pusht,1,coverage,states_with_at_least_one_common_valid_candidate,49,,,49,1.0,1.0
pusht,4,b,success_by_25,0.1836734693877551,0.08163265306122448,0.30612244897959184,49,1.0,1.0
pusht,4,random_uniform,success_by_25,0.17346938775510204,0.08163265306122448,0.2857142857142857,49,1.0,1.0
pusht,4,latent_oracle,success_by_25,0.1836734693877551,0.08163265306122448,0.30612244897959184,49,1.0,1.0
pusht,4,physical_oracle,success_by_25,0.16326530612244897,0.061224489795918366,0.2653061224489796,49,1.0,1.0
pusht,4,b,distance_at_25,94.6014874032105,81.11991836498969,108.44999056199582,49,1.0,1.0
pusht,4,random_uniform,distance_at_25,95.31651694769292,82.12423698314988,109.39904972684118,49,1.0,1.0
pusht,4,latent_oracle,distance_at_25,95.74744647709255,82.19661387810852,109.3123924979699,49,1.0,1.0
pusht,4,physical_oracle,distance_at_25,91.01856682069212,77.18453887150875,105.10564341833059,49,1.0,1.0
pusht,4,b_minus_random,success_by_25,0.01020408163265306,0.0,0.030612244897959183,49,1.0,1.0
pusht,4,random_minus_b,distance_at_25_improvement,0.7150295444824356,-0.7115232246685947,2.3562016826066228,49,1.0,1.0
pusht,4,b,physical_distance_regret,3.5829205825183705,2.2044917212558435,5.135765597779287,49,1.0,1.0
pusht,4,b,true_latent_cost_regret,0.3212823710697293,0.16869024031418764,0.509833937866931,49,1.0,1.0
pusht,4,coverage,states_with_at_least_one_common_valid_candidate,49,,,49,1.0,1.0
pusht,16,b,success_by_25,0.16326530612244897,0.061224489795918366,0.2653061224489796,49,1.0,1.0
pusht,16,random_uniform,success_by_25,0.17091836734693877,0.07142857142857142,0.2767857142857143,49,1.0,1.0
pusht,16,latent_oracle,success_by_25,0.20408163265306123,0.10204081632653061,0.32653061224489793,49,1.0,1.0
pusht,16,physical_oracle,success_by_25,0.16326530612244897,0.061224489795918366,0.2653061224489796,49,1.0,1.0
pusht,16,b,distance_at_25,93.81756695550531,80.41883328262007,107.77522976999266,49,1.0,1.0
pusht,16,random_uniform,distance_at_25,95.34161610234746,82.11244660803929,109.2500889757281,49,1.0,1.0
pusht,16,latent_oracle,distance_at_25,95.09814616326149,81.49103984379799,109.33610966255426,49,1.0,1.0
pusht,16,physical_oracle,distance_at_25,88.92649609362505,75.4472613308058,103.1972422720253,49,1.0,1.0
pusht,16,b_minus_random,success_by_25,-0.007653061224489796,-0.021683673469387755,0.002551020408163265,49,1.0,1.0
pusht,16,random_minus_b,distance_at_25_improvement,1.5240491468421482,-0.14465619669530996,3.597957327825158,49,1.0,1.0
pusht,16,b,physical_distance_regret,4.891070861880259,3.4060700672542343,6.592218416280611,49,1.0,1.0
pusht,16,b,true_latent_cost_regret,0.6448707718841167,0.43294607462355006,0.900462782878333,49,1.0,1.0
pusht,16,coverage,states_with_at_least_one_common_valid_candidate,49,,,49,1.0,1.0
pusht,64,b,success_by_25,0.16326530612244897,0.061224489795918366,0.2857142857142857,49,1.0,1.0
pusht,64,random_uniform,success_by_25,0.16996173469387754,0.10522959183673469,0.24043367346938777,49,1.0,1.0
pusht,64,latent_oracle,success_by_25,0.9795918367346939,0.9387755102040817,1.0,49,1.0,1.0
pusht,64,physical_oracle,success_by_25,0.7142857142857143,0.5918367346938775,0.8367346938775511,49,1.0,1.0
pusht,64,b,distance_at_25,95.30426900481936,81.54896113464844,108.88165689536173,49,1.0,1.0
pusht,64,random_uniform,distance_at_25,91.32633722130437,80.41063306423106,102.87011146091058,49,1.0,1.0
pusht,64,latent_oracle,distance_at_25,49.26540952634923,40.908118167877234,58.33963538484997,49,1.0,1.0
pusht,64,physical_oracle,distance_at_25,37.31470685810649,31.536397284930967,43.904224745853945,49,1.0,1.0
pusht,64,b_minus_random,success_by_25,-0.006696428571428571,-0.08227040816326531,0.07142857142857142,49,1.0,1.0
pusht,64,random_minus_b,distance_at_25_improvement,-3.977931783514979,-10.977675006882516,3.037603603680487,49,1.0,1.0
pusht,64,b,physical_distance_regret,57.98956214671288,45.23334750230972,71.53054879742757,49,1.0,1.0
pusht,64,b,true_latent_cost_regret,9.97767708782374,8.428653616126088,11.496720339784128,49,1.0,1.0
pusht,64,coverage,states_with_at_least_one_common_valid_candidate,49,,,49,1.0,1.0
reacher,1,b,success_by_25,0.4,0.26,0.54,50,1.0,1.0
reacher,1,random_uniform,success_by_25,0.4,0.26,0.54,50,1.0,1.0
reacher,1,latent_oracle,success_by_25,0.4,0.26,0.54,50,1.0,1.0
reacher,1,physical_oracle,success_by_25,0.4,0.26,0.54,50,1.0,1.0
reacher,1,b,distance_at_25,0.10975439884511343,0.08952278204976,0.13115601220449782,50,1.0,1.0
reacher,1,random_uniform,distance_at_25,0.10975439884511343,0.08919776880193502,0.1308916987621463,50,1.0,1.0
reacher,1,latent_oracle,distance_at_25,0.10975439884511343,0.0891900146008939,0.1314181379915971,50,1.0,1.0
reacher,1,physical_oracle,distance_at_25,0.10975439884511343,0.08933498942475881,0.13049487113323163,50,1.0,1.0
reacher,1,b_minus_random,success_by_25,0.0,0.0,0.0,50,1.0,1.0
reacher,1,random_minus_b,distance_at_25_improvement,0.0,0.0,0.0,50,1.0,1.0
reacher,1,b,physical_distance_regret,0.0,0.0,0.0,50,1.0,1.0
reacher,1,b,true_latent_cost_regret,0.0,0.0,0.0,50,1.0,1.0
reacher,1,coverage,states_with_at_least_one_common_valid_candidate,50,,,50,1.0,1.0
reacher,4,b,success_by_25,0.5,0.36,0.64,50,1.0,1.0
reacher,4,random_uniform,success_by_25,0.435,0.34,0.53,50,1.0,1.0
reacher,4,latent_oracle,success_by_25,0.76,0.64,0.88,50,1.0,1.0
reacher,4,physical_oracle,success_by_25,0.76,0.64,0.88,50,1.0,1.0
reacher,4,b,distance_at_25,0.09149476874176886,0.07406541298993874,0.11044908626632499,50,1.0,1.0
reacher,4,random_uniform,distance_at_25,0.10796062567790372,0.09260745584742042,0.12407223252854914,50,1.0,1.0
reacher,4,latent_oracle,distance_at_25,0.06426311120011556,0.05053593108804842,0.07924119982739844,50,1.0,1.0
reacher,4,physical_oracle,distance_at_25,0.06345891843545383,0.04983904817558412,0.07888768140474747,50,1.0,1.0
reacher,4,b_minus_random,success_by_25,0.065,-0.035,0.165,50,1.0,1.0
reacher,4,random_minus_b,distance_at_25_improvement,0.016465856936134865,0.0052922437995397194,0.028751102668787713,50,1.0,1.0
reacher,4,b,physical_distance_regret,0.028035850306315044,0.015403070458153282,0.04244574384595173,50,1.0,1.0
reacher,4,b,true_latent_cost_regret,0.6638193257097685,0.36709968653469177,0.9945376422647525,50,1.0,1.0
reacher,4,coverage,states_with_at_least_one_common_valid_candidate,50,,,50,1.0,1.0
reacher,16,b,success_by_25,0.44,0.3,0.58,50,1.0,1.0
reacher,16,random_uniform,success_by_25,0.40375,0.31375,0.49375,50,1.0,1.0
reacher,16,latent_oracle,success_by_25,0.84,0.74,0.94,50,1.0,1.0
reacher,16,physical_oracle,success_by_25,0.84,0.74,0.94,50,1.0,1.0
reacher,16,b,distance_at_25,0.09377686851346319,0.07552714670660868,0.11417823519249486,50,1.0,1.0
reacher,16,random_uniform,distance_at_25,0.11074516313210536,0.09481274897785104,0.12726334923510366,50,1.0,1.0
reacher,16,latent_oracle,distance_at_25,0.04790332057272115,0.03662879418924393,0.06154067143457596,50,1.0,1.0
reacher,16,physical_oracle,distance_at_25,0.04668517525633502,0.035482691996135775,0.060058346186699904,50,1.0,1.0
reacher,16,b_minus_random,success_by_25,0.03625,-0.07625,0.145,50,1.0,1.0
reacher,16,random_minus_b,distance_at_25_improvement,0.016968294618642167,0.005864024882340595,0.0281320396645839,50,1.0,1.0
reacher,16,b,physical_distance_regret,0.047091693257128184,0.03195276578427216,0.06434532136694135,50,1.0,1.0
reacher,16,b,true_latent_cost_regret,1.1863914875659571,0.8257516901615318,1.5991503801867133,50,1.0,1.0
reacher,16,coverage,states_with_at_least_one_common_valid_candidate,50,,,50,1.0,1.0
reacher,64,b,success_by_25,0.4,0.26,0.54,50,1.0,1.0
reacher,64,random_uniform,success_by_25,0.4,0.3153046875,0.4871875,50,1.0,1.0
reacher,64,latent_oracle,success_by_25,0.92,0.84,0.98,50,1.0,1.0
reacher,64,physical_oracle,success_by_25,0.92,0.84,0.98,50,1.0,1.0
reacher,64,b,distance_at_25,0.09620920750088606,0.0780468231172901,0.11647305305343668,50,1.0,1.0
reacher,64,random_uniform,distance_at_25,0.11037519652476353,0.09499684709855648,0.1267568628683326,50,1.0,1.0
reacher,64,latent_oracle,distance_at_25,0.03455917080010292,0.02397919155332641,0.04809844326716574,50,1.0,1.0
reacher,64,physical_oracle,distance_at_25,0.03366919904342395,0.022903171086081763,0.047425003251068666,50,1.0,1.0
reacher,64,b_minus_random,success_by_25,0.0,-0.1106328125,0.1121875,50,1.0,1.0
reacher,64,random_minus_b,distance_at_25_improvement,0.014165989023877475,0.0013781592027392747,0.02717739734672772,50,1.0,1.0
reacher,64,b,physical_distance_regret,0.06254000845746213,0.04699729877273352,0.08079378086302845,50,1.0,1.0
reacher,64,b,true_latent_cost_regret,1.5463386747860581,1.1732127175729476,1.9755372681271002,50,1.0,1.0
reacher,64,coverage,states_with_at_least_one_common_valid_candidate,50,,,50,1.0,1.0
