task,comparison,difference_pp,ci95_low_pp,ci95_high_pp,p_signflip,p_holm,states
cube,P3 - P2 CEM (300x30),16.5,10.5,23.5,9.999000099990002e-05,0.0015998400159984002,100
cube,P3 - P2-small CEM (64x5),12.0,7.000000000000001,17.5,9.999000099990002e-05,0.0015998400159984002,100
cube,P3+PO - P2 CEM (300x30),16.5,10.5,23.0,9.999000099990002e-05,0.0015998400159984002,100
cube,P3+PO - P2-small CEM (64x5),12.0,7.000000000000001,17.5,9.999000099990002e-05,0.0015998400159984002,100
pusht,P3 - P2 CEM (300x30),2.0,-1.5,6.0,0.43345665433456654,1.0,100
pusht,P3 - P2-small CEM (64x5),1.5,-1.5,4.5,0.5022497750224978,1.0,100
pusht,P3+PO - P2 CEM (300x30),0.0,-5.0,5.0,1.0,1.0,100
pusht,P3+PO - P2-small CEM (64x5),-0.5,-5.5,4.0,1.0,1.0,100
reacher,P3 - P2 CEM (300x30),-1.5,-7.000000000000001,4.5,0.7341265873412659,1.0,100
reacher,P3 - P2-small CEM (64x5),6.0,0.0,12.0,0.0710928907109289,0.782021797820218,100
reacher,P3+PO - P2 CEM (300x30),-1.0,-5.5,4.0,0.841015898410159,1.0,100
reacher,P3+PO - P2-small CEM (64x5),6.5,0.5,12.5,0.059394060593940604,0.7127287271272873,100
tworoom,P3 - P2 CEM (300x30),-0.5,-1.5,0.0,1.0,1.0,100
tworoom,P3 - P2-small CEM (64x5),-0.5,-1.5,0.0,1.0,1.0,100
tworoom,P3+PO - P2 CEM (300x30),0.0,0.0,0.0,1.0,1.0,100
tworoom,P3+PO - P2-small CEM (64x5),0.0,0.0,0.0,1.0,1.0,100
equal-task macro,P3 - P2 CEM (300x30),4.124999999999999,1.7500000000000002,6.5,,,400
equal-task macro,P3 - P2-small CEM (64x5),4.75,2.6250000000000004,6.875000000000001,,,400
equal-task macro,P3+PO - P2 CEM (300x30),3.875,1.5000000000000002,6.25,,,400
equal-task macro,P3+PO - P2-small CEM (64x5),4.5,2.125,6.875000000000001,,,400
