method,cube_success_percent,cube_batch1_p50_ms,cube_batch1_p95_ms,cube_batch50_throughput,pusht_success_percent,pusht_batch1_p50_ms,pusht_batch1_p95_ms,pusht_batch50_throughput,reacher_success_percent,reacher_batch1_p50_ms,reacher_batch1_p95_ms,reacher_batch50_throughput,tworoom_success_percent,tworoom_batch1_p50_ms,tworoom_batch1_p95_ms,tworoom_batch50_throughput,macro_success_percent
p0_s2,100.0,13.405554500423023,16.641845750746143,380.319555754446,95.5,12.679706000199076,13.011614550941886,398.17600388931896,80.0,12.42470350007352,12.63470105086526,393.90617982300074,99.0,12.88844050031912,13.07562749916542,375.12741615333147,93.625
random64_s2,100.0,17.266701500375348,17.83897710047313,293.0867960423074,97.5,13.248487999589997,13.538178649832844,291.61109725125067,82.0,12.953574499988463,13.186777350347256,276.28048679237185,98.0,13.375196499509912,13.733041100113041,275.50243318125484,94.375
p3_s2,100.0,21.347401499951957,22.11715169987656,160.34416579614725,96.5,16.37290600046981,16.706922449793637,161.07195059304985,89.5,20.073516999218555,21.52651069918647,156.67002267598087,99.5,16.50929749939678,16.901411400431243,154.40013292422552,96.375
p0_po2_s2,100.0,34.737478000351985,36.23177340023176,359.11394658757587,95.5,28.513621000456624,29.187150100005965,428.23340334227885,85.0,27.407006499743147,28.65504239916845,319.80498273739363,99.5,28.685487000075227,29.40335769944795,357.82081297849254,95.0
p0_gf2_s2,100.0,50.56869899999583,53.56985810067272,320.22411864082517,95.5,43.35374249967572,51.058676750017185,333.6959603776877,83.0,40.676707501006604,43.3055523008079,307.2735903009702,100.0,38.26371100058168,40.592279600059555,320.4430530762416,94.625
p3_po5_s2,100.0,65.00133099962113,66.5269729004649,67.92016668162238,94.5,53.042496000671235,54.75677775011717,87.90402509677429,90.0,62.639131499963696,64.26488114957465,71.9353133287381,100.0,57.95000800117123,64.4644302996312,76.503395675524,96.125
p1_cem_300x30,49.5,145.6843245005075,175.1131694495598,7.197313325015064,87.5,136.50377200065122,169.78740964959798,7.3676531803529,91.5,134.18141249894688,168.99281999994855,7.5052915224267105,91.0,136.9891859994823,138.38866615014922,7.341726985623969,79.875
p2_cem_300x30,83.5,144.38322500063805,167.13433674995028,7.410899444569068,94.5,141.64091299971915,142.28301759967508,7.622222839212495,91.0,138.14023450049717,139.0909601003841,7.639550666359474,100.0,141.47549849985808,142.22514409939322,7.634837204265193,92.25
p2_small_64x5,88.0,41.715922000548744,46.79145934960616,39.3042338198528,95.0,34.93728000012197,35.40060064915451,40.75691422121513,83.5,34.5572030000767,34.950293200381566,39.88382525662739,100.0,34.60831499978667,34.99854534966289,40.3193524775038,91.625
