method,label,cube_success_percent,pusht_success_percent,reacher_success_percent,tworoom_success_percent,macro_success_percent
p0_s2,P0,100.0,95.5,80.0,99.0,93.625
random64_s2,Random-64,100.0,97.5,82.0,98.0,94.375
p3_s2,P3,100.0,96.5,89.5,99.5,96.375
p0_po2_s2,P0+PO,100.0,95.5,85.0,99.5,95.0
p0_gf2_s2,P0+GF,100.0,95.5,83.0,100.0,94.625
p3_po5_s2,P3+PO,100.0,94.5,90.0,100.0,96.125
p1_cem_300x30,P1 CEM,49.5,87.5,91.5,91.0,79.875
p2_cem_300x30,P2 CEM,83.5,94.5,91.0,100.0,92.25
p2_small_64x5,P2-small,88.0,95.0,83.5,100.0,91.625
