task,method,label,seed,batch1_p50_ms,batch1_p95_ms,batch50_throughput_per_second,batch50_p50_ms,peak_memory_bytes,interference_observed,host_pressure_observed,eligible_for_speedup_claim
cube,p0_gf2_s2,P0+GF,42,50.56869899999583,53.56985810067272,320.22411864082517,150.83453599982022,66859520,False,False,True
cube,p0_po2_s2,P0+PO,42,34.737478000351985,36.23177340023176,359.11394658757587,133.9410005002719,66859520,False,False,True
cube,p0_s2,P0,42,13.405554500423023,16.641845750746143,380.319555754446,140.74016499944264,58339840,False,False,True
cube,p1_cem_300x30,P1 CEM,42,145.6843245005075,175.1131694495598,7.197313325015064,6944.237615999555,95667712,False,False,True
cube,p2_cem_300x30,P2 CEM,42,144.38322500063805,167.13433674995028,7.410899444569068,6738.12748599903,95668736,False,False,True
cube,p2_small_64x5,P2-small,42,41.715922000548744,46.79145934960616,39.3042338198528,1273.5355625009106,69030912,False,False,True
cube,p3_po5_s2,P3+PO,42,65.00133099962113,66.5269729004649,67.92016668162238,702.7673005004544,102753792,False,False,True
cube,p3_s2,P3,42,21.347401499951957,22.11715169987656,160.34416579614725,313.294186499661,59297280,False,False,True
cube,random64_s2,Random-64,42,17.266701500375348,17.83897710047313,293.0867960423074,167.48335549982585,58339840,False,False,True
pusht,p0_gf2_s2,P0+GF,42,43.35374249967572,51.058676750017185,333.6959603776877,153.8252789996477,66805248,False,False,True
pusht,p0_po2_s2,P0+PO,42,28.513621000456624,29.187150100005965,428.23340334227885,116.4416554993295,66805248,False,False,True
pusht,p0_s2,P0,42,12.679706000199076,13.011614550941886,398.17600388931896,126.62458050090208,58285568,False,False,True
pusht,p1_cem_300x30,P1 CEM,42,136.50377200065122,169.78740964959798,7.3676531803529,6784.770607499013,95425024,False,False,True
pusht,p2_cem_300x30,P2 CEM,42,141.64091299971915,142.28301759967508,7.622222839212495,6558.772600000339,95426048,False,False,True
pusht,p2_small_64x5,P2-small,42,34.93728000012197,35.40060064915451,40.75691422121513,1225.4924695007503,68935680,False,False,True
pusht,p3_po5_s2,P3+PO,42,53.042496000671235,54.75677775011717,87.90402509677429,552.8875469999548,102602240,False,False,True
pusht,p3_s2,P3,42,16.37290600046981,16.706922449793637,161.07195059304985,309.8667585009025,59204096,False,False,True
pusht,random64_s2,Random-64,42,13.248487999589997,13.538178649832844,291.61109725125067,171.64397750002536,58285568,False,False,True
reacher,p0_gf2_s2,P0+GF,42,40.676707501006604,43.3055523008079,307.2735903009702,157.05338399948232,66810368,False,False,True
reacher,p0_po2_s2,P0+PO,42,27.407006499743147,28.65504239916845,319.80498273739363,155.3280364996681,66810368,False,False,True
reacher,p0_s2,P0,42,12.42470350007352,12.63470105086526,393.90617982300074,123.75995250022243,58290688,False,False,True
reacher,p1_cem_300x30,P1 CEM,42,134.18141249894688,168.99281999994855,7.5052915224267105,6666.2006785009,95430144,False,False,True
reacher,p2_cem_300x30,P2 CEM,42,138.14023450049717,139.0909601003841,7.639550666359474,6522.759714000131,95431168,False,False,True
reacher,p2_small_64x5,P2-small,42,34.5572030000767,34.950293200381566,39.88382525662739,1239.0238594998664,68940800,False,False,True
reacher,p3_po5_s2,P3+PO,42,62.639131499963696,64.26488114957465,71.9353133287381,689.3490524998924,102607360,False,False,True
reacher,p3_s2,P3,42,20.073516999218555,21.52651069918647,156.67002267598087,309.10277899965877,59209216,False,False,True
reacher,random64_s2,Random-64,42,12.953574499988463,13.186777350347256,276.28048679237185,180.6155510003009,58290688,False,False,True
tworoom,p0_gf2_s2,P0+GF,42,38.26371100058168,40.592279600059555,320.4430530762416,155.66764350023732,66808320,False,False,True
tworoom,p0_po2_s2,P0+PO,42,28.685487000075227,29.40335769944795,357.82081297849254,139.52870950015495,66808320,False,False,True
tworoom,p0_s2,P0,42,12.88844050031912,13.07562749916542,375.12741615333147,133.1372859995099,58288640,False,False,True
tworoom,p1_cem_300x30,P1 CEM,42,136.9891859994823,138.38866615014922,7.341726985623969,6809.033610999904,95428096,False,False,True
tworoom,p2_cem_300x30,P2 CEM,42,141.47549849985808,142.22514409939322,7.634837204265193,6546.415956499914,95429120,False,False,True
tworoom,p2_small_64x5,P2-small,42,34.60831499978667,34.99854534966289,40.3193524775038,1237.7526299997044,68938752,False,False,True
tworoom,p3_po5_s2,P3+PO,42,57.95000800117123,64.4644302996312,76.503395675524,608.6559984996711,102605312,False,False,True
tworoom,p3_s2,P3,42,16.50929749939678,16.901411400431243,154.40013292422552,327.83231450048333,59207168,False,False,True
tworoom,random64_s2,Random-64,42,13.375196499509912,13.733041100113041,275.50243318125484,187.92789850067493,58288640,False,False,True
