task,comparison,difference_pp,ci95_low_pp,ci95_high_pp,p_signflip,p_holm,states,rows
cube,GF - PO,0.0,0.0,0.0,1.0,1.0,100,200
cube,P3 - Random-64,0.0,0.0,0.0,1.0,1.0,100,200
cube,PO - P0,0.0,0.0,0.0,1.0,1.0,100,200
pusht,GF - PO,0.0,-1.5,1.5,1.0,1.0,100,200
pusht,P3 - Random-64,-1.0,-3.5000000000000004,2.0,0.7495250474952505,1.0,100,200
pusht,PO - P0,0.0,-2.0,2.0,1.0,1.0,100,200
reacher,GF - PO,-2.0,-8.0,4.0,0.6437356264373563,1.0,100,200
reacher,P3 - Random-64,7.5,2.0,13.0,0.014098590140985901,0.16918308169183083,100,200
reacher,PO - P0,5.0,-1.0,11.5,0.17398260173982602,1.0,100,200
tworoom,GF - PO,0.5,0.0,1.5,1.0,1.0,100,200
tworoom,P3 - Random-64,1.5,-0.5,4.0,0.3678632136786321,1.0,100,200
tworoom,PO - P0,0.5,0.0,1.5,1.0,1.0,100,200
equal-task macro,GF - PO,-0.375,-2.0,1.25,,,400,
equal-task macro,P3 - Random-64,2.0,0.37500000000000006,3.6250000000000004,,,400,
equal-task macro,PO - P0,1.375,-0.25,3.0000000000000004,,,400,
