task,method,comparison,difference_pp,ci95_low_pp,ci95_high_pp,p_signflip,p_holm,states
pusht,P0,Continue - Frozen,0.5,-2.0,3.5000000000000004,1.0,,100
pusht,P0,Detach - Continue,-1.5,-3.5000000000000004,0.0,0.2568743125687431,1.0,100
pusht,P0,Recorded - Detach,-0.5,-1.5,0.0,1.0,1.0,100
pusht,P3,Continue - Frozen,-1.5,-4.5,1.0,0.501949805019498,,100
pusht,P3,Detach - Continue,1.0,-2.0,4.0,0.7535246475352465,1.0,100
pusht,P3,Recorded - Detach,0.5,0.0,1.5,1.0,1.0,100
reacher,P0,Continue - Frozen,3.0,-2.0,8.0,0.32286771322867713,,100
reacher,P0,Detach - Continue,-1.0,-6.0,4.0,0.8436156384361564,1.0,100
reacher,P0,Recorded - Detach,-0.5,-4.0,3.0,1.0,1.0,100
reacher,P3,Continue - Frozen,-7.000000000000001,-14.499999999999998,0.5,0.09659034096590341,,100
reacher,P3,Detach - Continue,2.0,-5.0,9.5,0.694030596940306,1.0,100
reacher,P3,Recorded - Detach,1.5,-4.5,7.000000000000001,0.7373262673732627,1.0,100
