task,training_arm,inference_method,result_tag,episodes,success_percent,seeds_present
pusht,frozen,p0_s2,,200,95.5,"42,43"
pusht,frozen,p3_s2,,200,96.5,"42,43"
pusht,continue,p0_s2,continue,200,96.0,"42,43"
pusht,continue,p3_s2,continue,200,95.0,"42,43"
pusht,detach,p0_s2,detach,200,94.5,"42,43"
pusht,detach,p3_s2,detach,200,96.0,"42,43"
pusht,recorded,p0_s2,recorded,200,94.0,"42,43"
pusht,recorded,p3_s2,recorded,200,96.5,"42,43"
reacher,frozen,p0_s2,,200,80.0,"42,43"
reacher,frozen,p3_s2,,200,89.5,"42,43"
reacher,continue,p0_s2,continue,200,83.0,"42,43"
reacher,continue,p3_s2,continue,200,82.5,"42,43"
reacher,detach,p0_s2,detach,200,82.0,"42,43"
reacher,detach,p3_s2,detach,200,84.5,"42,43"
reacher,recorded,p0_s2,recorded,200,81.5,"42,43"
reacher,recorded,p3_s2,recorded,200,86.0,"42,43"
